ISO-10303-21;
HEADER;
/* Generated by software containing ST-Developer
 * from STEP Tools, Inc. (www.steptools.com) 
 */
/* OPTION: using custom renumber hook */

FILE_DESCRIPTION(
/* description */ ('STEP AP242 Edition 2',
'CAx-IF Rec.Pracs.---Representation and Presentation of Product Manufa
cturing Information (PMI)---4.0---2014-10-13',
'CAx-IF Rec.Pracs.---3D Tessellated Geometry---0.4---2014-09-14','2;1',
'CAx-IF Rec.Pracs.---User Defined Attributes---1.5---2016-08-15'),
/* implementation_level */ '2;1');

FILE_NAME(
/* name */ 'Part Studio 1',
/* time_stamp */ '2026-05-17T01:10:53Z',
/* author */ (''),
/* organization */ (''),
/* preprocessor_version */ 'ST-DEVELOPER v20',
/* originating_system */ 'ONSHAPE BY PTC INC, 1.215',
/* authorisation */ '  ');

FILE_SCHEMA (('AP242_MANAGED_MODEL_BASED_3D_ENGINEERING_MIM_LF { 1 0 10303 442 3 1 4 }'));
ENDSEC;

DATA;
#10=SHAPE_REPRESENTATION_RELATIONSHIP('','',#1610,#11);
#11=ADVANCED_BREP_SHAPE_REPRESENTATION('',(#1608),#2692);
#12=DRAUGHTING_PRE_DEFINED_COLOUR('white');
#13=DRAUGHTING_PRE_DEFINED_COLOUR('black');
#14=CYLINDRICAL_SURFACE('',#1627,0.00508);
#15=CYLINDRICAL_SURFACE('',#1634,0.00508);
#16=CYLINDRICAL_SURFACE('',#1636,0.00508);
#17=CYLINDRICAL_SURFACE('',#1651,0.00508);
#18=CYLINDRICAL_SURFACE('',#1659,0.00254);
#19=CYLINDRICAL_SURFACE('',#1662,0.00254);
#20=CYLINDRICAL_SURFACE('',#1665,0.00254);
#21=CYLINDRICAL_SURFACE('',#1668,0.00254);
#22=CYLINDRICAL_SURFACE('',#1676,0.00380540266633034);
#23=CYLINDRICAL_SURFACE('',#1680,0.00381);
#24=CYLINDRICAL_SURFACE('',#1684,0.00381);
#25=CYLINDRICAL_SURFACE('',#1688,0.00164900806087724);
#26=CYLINDRICAL_SURFACE('',#1691,0.0031496);
#27=CYLINDRICAL_SURFACE('',#1693,0.00314493089774191);
#28=CYLINDRICAL_SURFACE('',#1696,0.0031496);
#29=CYLINDRICAL_SURFACE('',#1701,0.000762);
#30=CYLINDRICAL_SURFACE('',#1704,0.000762);
#31=CYLINDRICAL_SURFACE('',#1707,0.000761999999999988);
#32=CYLINDRICAL_SURFACE('',#1710,0.000762);
#33=CYLINDRICAL_SURFACE('',#1714,0.000762);
#34=CYLINDRICAL_SURFACE('',#1717,0.000762);
#35=CYLINDRICAL_SURFACE('',#1720,0.000762);
#36=CYLINDRICAL_SURFACE('',#1723,0.000762);
#37=CYLINDRICAL_SURFACE('',#1727,0.000762);
#38=CYLINDRICAL_SURFACE('',#1730,0.000762);
#39=CYLINDRICAL_SURFACE('',#1733,0.000762);
#40=CYLINDRICAL_SURFACE('',#1736,0.000762);
#41=CYLINDRICAL_SURFACE('',#1740,0.00076199999999999);
#42=CYLINDRICAL_SURFACE('',#1743,0.000762);
#43=CYLINDRICAL_SURFACE('',#1746,0.000761999999999987);
#44=CYLINDRICAL_SURFACE('',#1749,0.000762);
#45=CYLINDRICAL_SURFACE('',#1753,0.000762);
#46=CYLINDRICAL_SURFACE('',#1756,0.000762);
#47=CYLINDRICAL_SURFACE('',#1759,0.000762);
#48=CYLINDRICAL_SURFACE('',#1762,0.000762);
#49=CYLINDRICAL_SURFACE('',#1766,0.00127);
#50=CYLINDRICAL_SURFACE('',#1769,0.00127);
#51=CYLINDRICAL_SURFACE('',#1772,0.00126999999999999);
#52=CYLINDRICAL_SURFACE('',#1775,0.00127);
#53=CYLINDRICAL_SURFACE('',#1778,0.00103718636031595);
#54=CIRCLE('',#1613,0.00508);
#55=CIRCLE('',#1614,0.00508);
#56=CIRCLE('',#1615,0.00508);
#57=CIRCLE('',#1616,0.00508);
#58=CIRCLE('',#1617,0.00127);
#59=CIRCLE('',#1618,0.00127);
#60=CIRCLE('',#1619,0.00126999999999999);
#61=CIRCLE('',#1620,0.00127);
#62=CIRCLE('',#1622,0.00076199999999999);
#63=CIRCLE('',#1623,0.000762);
#64=CIRCLE('',#1624,0.000761999999999987);
#65=CIRCLE('',#1625,0.000762);
#66=CIRCLE('',#1628,0.00508);
#67=CIRCLE('',#1630,0.000762);
#68=CIRCLE('',#1631,0.000762);
#69=CIRCLE('',#1632,0.000762);
#70=CIRCLE('',#1633,0.000762);
#71=CIRCLE('',#1635,0.00508);
#72=CIRCLE('',#1637,0.00508);
#73=CIRCLE('',#1639,0.000762);
#74=CIRCLE('',#1640,0.000762);
#75=CIRCLE('',#1641,0.000762);
#76=CIRCLE('',#1642,0.000762);
#77=CIRCLE('',#1643,0.000762);
#78=CIRCLE('',#1644,0.000762);
#79=CIRCLE('',#1645,0.000762);
#80=CIRCLE('',#1646,0.000762);
#81=CIRCLE('',#1647,0.000762);
#82=CIRCLE('',#1648,0.000761999999999988);
#83=CIRCLE('',#1649,0.000762);
#84=CIRCLE('',#1650,0.000762);
#85=CIRCLE('',#1652,0.00508);
#86=CIRCLE('',#1654,0.00254);
#87=CIRCLE('',#1655,0.00254);
#88=CIRCLE('',#1656,0.00254);
#89=CIRCLE('',#1657,0.00254);
#90=CIRCLE('',#1660,0.00254);
#91=CIRCLE('',#1663,0.00254);
#92=CIRCLE('',#1666,0.00254);
#93=CIRCLE('',#1669,0.00254);
#94=CIRCLE('',#1671,0.00103718636031595);
#95=CIRCLE('',#1672,0.00164900806087724);
#96=CIRCLE('',#1673,0.00381);
#97=CIRCLE('',#1674,0.00381);
#98=CIRCLE('',#1675,0.00380540266633034);
#99=CIRCLE('',#1677,0.00380540266633034);
#100=CIRCLE('',#1679,0.00314493089774191);
#101=CIRCLE('',#1681,0.00381);
#102=CIRCLE('',#1683,0.0031496);
#103=CIRCLE('',#1685,0.00381);
#104=CIRCLE('',#1687,0.0031496);
#105=CIRCLE('',#1689,0.00164900806087724);
#106=CIRCLE('',#1692,0.0031496);
#107=CIRCLE('',#1694,0.00314493089774191);
#108=CIRCLE('',#1697,0.0031496);
#109=CIRCLE('',#1702,0.000762);
#110=CIRCLE('',#1705,0.000762);
#111=CIRCLE('',#1708,0.000761999999999988);
#112=CIRCLE('',#1711,0.000762);
#113=CIRCLE('',#1715,0.000762);
#114=CIRCLE('',#1718,0.000762);
#115=CIRCLE('',#1721,0.000762);
#116=CIRCLE('',#1724,0.000762);
#117=CIRCLE('',#1728,0.000762);
#118=CIRCLE('',#1731,0.000762);
#119=CIRCLE('',#1734,0.000762);
#120=CIRCLE('',#1737,0.000762);
#121=CIRCLE('',#1741,0.00076199999999999);
#122=CIRCLE('',#1744,0.000762);
#123=CIRCLE('',#1747,0.000761999999999987);
#124=CIRCLE('',#1750,0.000762);
#125=CIRCLE('',#1754,0.000762);
#126=CIRCLE('',#1757,0.000762);
#127=CIRCLE('',#1760,0.000762);
#128=CIRCLE('',#1763,0.000762);
#129=CIRCLE('',#1767,0.00127);
#130=CIRCLE('',#1770,0.00127);
#131=CIRCLE('',#1773,0.00126999999999999);
#132=CIRCLE('',#1776,0.00127);
#133=CIRCLE('',#1779,0.00103718636031595);
#134=ORIENTED_EDGE('',*,*,#550,.F.);
#135=ORIENTED_EDGE('',*,*,#551,.F.);
#136=ORIENTED_EDGE('',*,*,#552,.F.);
#137=ORIENTED_EDGE('',*,*,#553,.F.);
#138=ORIENTED_EDGE('',*,*,#554,.F.);
#139=ORIENTED_EDGE('',*,*,#555,.F.);
#140=ORIENTED_EDGE('',*,*,#556,.F.);
#141=ORIENTED_EDGE('',*,*,#557,.F.);
#142=ORIENTED_EDGE('',*,*,#558,.F.);
#143=ORIENTED_EDGE('',*,*,#559,.T.);
#144=ORIENTED_EDGE('',*,*,#560,.F.);
#145=ORIENTED_EDGE('',*,*,#561,.T.);
#146=ORIENTED_EDGE('',*,*,#562,.F.);
#147=ORIENTED_EDGE('',*,*,#563,.T.);
#148=ORIENTED_EDGE('',*,*,#564,.F.);
#149=ORIENTED_EDGE('',*,*,#565,.T.);
#150=ORIENTED_EDGE('',*,*,#554,.T.);
#151=ORIENTED_EDGE('',*,*,#566,.F.);
#152=ORIENTED_EDGE('',*,*,#567,.F.);
#153=ORIENTED_EDGE('',*,*,#568,.T.);
#154=ORIENTED_EDGE('',*,*,#569,.F.);
#155=ORIENTED_EDGE('',*,*,#570,.T.);
#156=ORIENTED_EDGE('',*,*,#571,.F.);
#157=ORIENTED_EDGE('',*,*,#572,.T.);
#158=ORIENTED_EDGE('',*,*,#573,.F.);
#159=ORIENTED_EDGE('',*,*,#574,.T.);
#160=ORIENTED_EDGE('',*,*,#575,.F.);
#161=ORIENTED_EDGE('',*,*,#576,.T.);
#162=ORIENTED_EDGE('',*,*,#550,.T.);
#163=ORIENTED_EDGE('',*,*,#577,.F.);
#164=ORIENTED_EDGE('',*,*,#578,.F.);
#165=ORIENTED_EDGE('',*,*,#579,.T.);
#166=ORIENTED_EDGE('',*,*,#557,.T.);
#167=ORIENTED_EDGE('',*,*,#580,.F.);
#168=ORIENTED_EDGE('',*,*,#581,.F.);
#169=ORIENTED_EDGE('',*,*,#577,.T.);
#170=ORIENTED_EDGE('',*,*,#582,.F.);
#171=ORIENTED_EDGE('',*,*,#583,.F.);
#172=ORIENTED_EDGE('',*,*,#584,.F.);
#173=ORIENTED_EDGE('',*,*,#585,.F.);
#174=ORIENTED_EDGE('',*,*,#586,.F.);
#175=ORIENTED_EDGE('',*,*,#587,.F.);
#176=ORIENTED_EDGE('',*,*,#588,.F.);
#177=ORIENTED_EDGE('',*,*,#589,.F.);
#178=ORIENTED_EDGE('',*,*,#556,.T.);
#179=ORIENTED_EDGE('',*,*,#590,.F.);
#180=ORIENTED_EDGE('',*,*,#591,.F.);
#181=ORIENTED_EDGE('',*,*,#580,.T.);
#182=ORIENTED_EDGE('',*,*,#555,.T.);
#183=ORIENTED_EDGE('',*,*,#568,.F.);
#184=ORIENTED_EDGE('',*,*,#592,.F.);
#185=ORIENTED_EDGE('',*,*,#590,.T.);
#186=ORIENTED_EDGE('',*,*,#553,.T.);
#187=ORIENTED_EDGE('',*,*,#593,.F.);
#188=ORIENTED_EDGE('',*,*,#594,.F.);
#189=ORIENTED_EDGE('',*,*,#566,.T.);
#190=ORIENTED_EDGE('',*,*,#595,.F.);
#191=ORIENTED_EDGE('',*,*,#596,.F.);
#192=ORIENTED_EDGE('',*,*,#597,.F.);
#193=ORIENTED_EDGE('',*,*,#598,.F.);
#194=ORIENTED_EDGE('',*,*,#599,.F.);
#195=ORIENTED_EDGE('',*,*,#600,.F.);
#196=ORIENTED_EDGE('',*,*,#601,.F.);
#197=ORIENTED_EDGE('',*,*,#602,.F.);
#198=ORIENTED_EDGE('',*,*,#603,.F.);
#199=ORIENTED_EDGE('',*,*,#604,.F.);
#200=ORIENTED_EDGE('',*,*,#605,.F.);
#201=ORIENTED_EDGE('',*,*,#606,.F.);
#202=ORIENTED_EDGE('',*,*,#607,.F.);
#203=ORIENTED_EDGE('',*,*,#608,.F.);
#204=ORIENTED_EDGE('',*,*,#609,.F.);
#205=ORIENTED_EDGE('',*,*,#610,.F.);
#206=ORIENTED_EDGE('',*,*,#611,.F.);
#207=ORIENTED_EDGE('',*,*,#612,.F.);
#208=ORIENTED_EDGE('',*,*,#613,.F.);
#209=ORIENTED_EDGE('',*,*,#614,.F.);
#210=ORIENTED_EDGE('',*,*,#615,.F.);
#211=ORIENTED_EDGE('',*,*,#616,.F.);
#212=ORIENTED_EDGE('',*,*,#617,.F.);
#213=ORIENTED_EDGE('',*,*,#618,.F.);
#214=ORIENTED_EDGE('',*,*,#552,.T.);
#215=ORIENTED_EDGE('',*,*,#619,.F.);
#216=ORIENTED_EDGE('',*,*,#620,.F.);
#217=ORIENTED_EDGE('',*,*,#593,.T.);
#218=ORIENTED_EDGE('',*,*,#551,.T.);
#219=ORIENTED_EDGE('',*,*,#579,.F.);
#220=ORIENTED_EDGE('',*,*,#621,.F.);
#221=ORIENTED_EDGE('',*,*,#619,.T.);
#222=ORIENTED_EDGE('',*,*,#622,.F.);
#223=ORIENTED_EDGE('',*,*,#623,.F.);
#224=ORIENTED_EDGE('',*,*,#624,.F.);
#225=ORIENTED_EDGE('',*,*,#625,.F.);
#226=ORIENTED_EDGE('',*,*,#626,.F.);
#227=ORIENTED_EDGE('',*,*,#627,.F.);
#228=ORIENTED_EDGE('',*,*,#628,.F.);
#229=ORIENTED_EDGE('',*,*,#629,.F.);
#230=ORIENTED_EDGE('',*,*,#578,.T.);
#231=ORIENTED_EDGE('',*,*,#581,.T.);
#232=ORIENTED_EDGE('',*,*,#591,.T.);
#233=ORIENTED_EDGE('',*,*,#592,.T.);
#234=ORIENTED_EDGE('',*,*,#567,.T.);
#235=ORIENTED_EDGE('',*,*,#594,.T.);
#236=ORIENTED_EDGE('',*,*,#620,.T.);
#237=ORIENTED_EDGE('',*,*,#621,.T.);
#238=ORIENTED_EDGE('',*,*,#622,.T.);
#239=ORIENTED_EDGE('',*,*,#630,.F.);
#240=ORIENTED_EDGE('',*,*,#631,.F.);
#241=ORIENTED_EDGE('',*,*,#632,.T.);
#242=ORIENTED_EDGE('',*,*,#629,.T.);
#243=ORIENTED_EDGE('',*,*,#633,.F.);
#244=ORIENTED_EDGE('',*,*,#634,.F.);
#245=ORIENTED_EDGE('',*,*,#630,.T.);
#246=ORIENTED_EDGE('',*,*,#628,.T.);
#247=ORIENTED_EDGE('',*,*,#635,.F.);
#248=ORIENTED_EDGE('',*,*,#636,.F.);
#249=ORIENTED_EDGE('',*,*,#633,.T.);
#250=ORIENTED_EDGE('',*,*,#627,.T.);
#251=ORIENTED_EDGE('',*,*,#637,.F.);
#252=ORIENTED_EDGE('',*,*,#638,.F.);
#253=ORIENTED_EDGE('',*,*,#635,.T.);
#254=ORIENTED_EDGE('',*,*,#626,.T.);
#255=ORIENTED_EDGE('',*,*,#639,.F.);
#256=ORIENTED_EDGE('',*,*,#640,.F.);
#257=ORIENTED_EDGE('',*,*,#637,.T.);
#258=ORIENTED_EDGE('',*,*,#625,.T.);
#259=ORIENTED_EDGE('',*,*,#641,.F.);
#260=ORIENTED_EDGE('',*,*,#642,.F.);
#261=ORIENTED_EDGE('',*,*,#639,.T.);
#262=ORIENTED_EDGE('',*,*,#624,.T.);
#263=ORIENTED_EDGE('',*,*,#643,.F.);
#264=ORIENTED_EDGE('',*,*,#644,.F.);
#265=ORIENTED_EDGE('',*,*,#641,.T.);
#266=ORIENTED_EDGE('',*,*,#623,.T.);
#267=ORIENTED_EDGE('',*,*,#632,.F.);
#268=ORIENTED_EDGE('',*,*,#645,.F.);
#269=ORIENTED_EDGE('',*,*,#643,.T.);
#270=ORIENTED_EDGE('',*,*,#646,.F.);
#271=ORIENTED_EDGE('',*,*,#647,.F.);
#272=ORIENTED_EDGE('',*,*,#648,.F.);
#273=ORIENTED_EDGE('',*,*,#649,.F.);
#274=ORIENTED_EDGE('',*,*,#650,.F.);
#275=ORIENTED_EDGE('',*,*,#631,.T.);
#276=ORIENTED_EDGE('',*,*,#634,.T.);
#277=ORIENTED_EDGE('',*,*,#636,.T.);
#278=ORIENTED_EDGE('',*,*,#638,.T.);
#279=ORIENTED_EDGE('',*,*,#640,.T.);
#280=ORIENTED_EDGE('',*,*,#642,.T.);
#281=ORIENTED_EDGE('',*,*,#644,.T.);
#282=ORIENTED_EDGE('',*,*,#645,.T.);
#283=ORIENTED_EDGE('',*,*,#651,.F.);
#284=ORIENTED_EDGE('',*,*,#650,.T.);
#285=ORIENTED_EDGE('',*,*,#652,.F.);
#286=ORIENTED_EDGE('',*,*,#651,.T.);
#287=ORIENTED_EDGE('',*,*,#653,.F.);
#288=ORIENTED_EDGE('',*,*,#649,.T.);
#289=ORIENTED_EDGE('',*,*,#654,.F.);
#290=ORIENTED_EDGE('',*,*,#653,.T.);
#291=ORIENTED_EDGE('',*,*,#655,.F.);
#292=ORIENTED_EDGE('',*,*,#648,.T.);
#293=ORIENTED_EDGE('',*,*,#656,.F.);
#294=ORIENTED_EDGE('',*,*,#655,.T.);
#295=ORIENTED_EDGE('',*,*,#657,.F.);
#296=ORIENTED_EDGE('',*,*,#647,.T.);
#297=ORIENTED_EDGE('',*,*,#657,.T.);
#298=ORIENTED_EDGE('',*,*,#654,.T.);
#299=ORIENTED_EDGE('',*,*,#658,.F.);
#300=ORIENTED_EDGE('',*,*,#659,.F.);
#301=ORIENTED_EDGE('',*,*,#652,.T.);
#302=ORIENTED_EDGE('',*,*,#659,.T.);
#303=ORIENTED_EDGE('',*,*,#660,.F.);
#304=ORIENTED_EDGE('',*,*,#656,.T.);
#305=ORIENTED_EDGE('',*,*,#660,.T.);
#306=ORIENTED_EDGE('',*,*,#658,.T.);
#307=ORIENTED_EDGE('',*,*,#611,.T.);
#308=ORIENTED_EDGE('',*,*,#661,.F.);
#309=ORIENTED_EDGE('',*,*,#662,.F.);
#310=ORIENTED_EDGE('',*,*,#663,.T.);
#311=ORIENTED_EDGE('',*,*,#618,.T.);
#312=ORIENTED_EDGE('',*,*,#664,.F.);
#313=ORIENTED_EDGE('',*,*,#665,.F.);
#314=ORIENTED_EDGE('',*,*,#661,.T.);
#315=ORIENTED_EDGE('',*,*,#617,.T.);
#316=ORIENTED_EDGE('',*,*,#666,.F.);
#317=ORIENTED_EDGE('',*,*,#667,.F.);
#318=ORIENTED_EDGE('',*,*,#664,.T.);
#319=ORIENTED_EDGE('',*,*,#616,.T.);
#320=ORIENTED_EDGE('',*,*,#668,.F.);
#321=ORIENTED_EDGE('',*,*,#669,.F.);
#322=ORIENTED_EDGE('',*,*,#666,.T.);
#323=ORIENTED_EDGE('',*,*,#615,.T.);
#324=ORIENTED_EDGE('',*,*,#670,.F.);
#325=ORIENTED_EDGE('',*,*,#671,.F.);
#326=ORIENTED_EDGE('',*,*,#668,.T.);
#327=ORIENTED_EDGE('',*,*,#614,.T.);
#328=ORIENTED_EDGE('',*,*,#672,.F.);
#329=ORIENTED_EDGE('',*,*,#673,.F.);
#330=ORIENTED_EDGE('',*,*,#670,.T.);
#331=ORIENTED_EDGE('',*,*,#613,.T.);
#332=ORIENTED_EDGE('',*,*,#674,.F.);
#333=ORIENTED_EDGE('',*,*,#675,.F.);
#334=ORIENTED_EDGE('',*,*,#672,.T.);
#335=ORIENTED_EDGE('',*,*,#612,.T.);
#336=ORIENTED_EDGE('',*,*,#663,.F.);
#337=ORIENTED_EDGE('',*,*,#676,.F.);
#338=ORIENTED_EDGE('',*,*,#674,.T.);
#339=ORIENTED_EDGE('',*,*,#662,.T.);
#340=ORIENTED_EDGE('',*,*,#665,.T.);
#341=ORIENTED_EDGE('',*,*,#667,.T.);
#342=ORIENTED_EDGE('',*,*,#669,.T.);
#343=ORIENTED_EDGE('',*,*,#671,.T.);
#344=ORIENTED_EDGE('',*,*,#673,.T.);
#345=ORIENTED_EDGE('',*,*,#675,.T.);
#346=ORIENTED_EDGE('',*,*,#676,.T.);
#347=ORIENTED_EDGE('',*,*,#603,.T.);
#348=ORIENTED_EDGE('',*,*,#677,.F.);
#349=ORIENTED_EDGE('',*,*,#678,.F.);
#350=ORIENTED_EDGE('',*,*,#679,.T.);
#351=ORIENTED_EDGE('',*,*,#610,.T.);
#352=ORIENTED_EDGE('',*,*,#680,.F.);
#353=ORIENTED_EDGE('',*,*,#681,.F.);
#354=ORIENTED_EDGE('',*,*,#677,.T.);
#355=ORIENTED_EDGE('',*,*,#609,.T.);
#356=ORIENTED_EDGE('',*,*,#682,.F.);
#357=ORIENTED_EDGE('',*,*,#683,.F.);
#358=ORIENTED_EDGE('',*,*,#680,.T.);
#359=ORIENTED_EDGE('',*,*,#608,.T.);
#360=ORIENTED_EDGE('',*,*,#684,.F.);
#361=ORIENTED_EDGE('',*,*,#685,.F.);
#362=ORIENTED_EDGE('',*,*,#682,.T.);
#363=ORIENTED_EDGE('',*,*,#607,.T.);
#364=ORIENTED_EDGE('',*,*,#686,.F.);
#365=ORIENTED_EDGE('',*,*,#687,.F.);
#366=ORIENTED_EDGE('',*,*,#684,.T.);
#367=ORIENTED_EDGE('',*,*,#606,.T.);
#368=ORIENTED_EDGE('',*,*,#688,.F.);
#369=ORIENTED_EDGE('',*,*,#689,.F.);
#370=ORIENTED_EDGE('',*,*,#686,.T.);
#371=ORIENTED_EDGE('',*,*,#605,.T.);
#372=ORIENTED_EDGE('',*,*,#690,.F.);
#373=ORIENTED_EDGE('',*,*,#691,.F.);
#374=ORIENTED_EDGE('',*,*,#688,.T.);
#375=ORIENTED_EDGE('',*,*,#604,.T.);
#376=ORIENTED_EDGE('',*,*,#679,.F.);
#377=ORIENTED_EDGE('',*,*,#692,.F.);
#378=ORIENTED_EDGE('',*,*,#690,.T.);
#379=ORIENTED_EDGE('',*,*,#678,.T.);
#380=ORIENTED_EDGE('',*,*,#681,.T.);
#381=ORIENTED_EDGE('',*,*,#683,.T.);
#382=ORIENTED_EDGE('',*,*,#685,.T.);
#383=ORIENTED_EDGE('',*,*,#687,.T.);
#384=ORIENTED_EDGE('',*,*,#689,.T.);
#385=ORIENTED_EDGE('',*,*,#691,.T.);
#386=ORIENTED_EDGE('',*,*,#692,.T.);
#387=ORIENTED_EDGE('',*,*,#595,.T.);
#388=ORIENTED_EDGE('',*,*,#693,.F.);
#389=ORIENTED_EDGE('',*,*,#694,.F.);
#390=ORIENTED_EDGE('',*,*,#695,.T.);
#391=ORIENTED_EDGE('',*,*,#602,.T.);
#392=ORIENTED_EDGE('',*,*,#696,.F.);
#393=ORIENTED_EDGE('',*,*,#697,.F.);
#394=ORIENTED_EDGE('',*,*,#693,.T.);
#395=ORIENTED_EDGE('',*,*,#601,.T.);
#396=ORIENTED_EDGE('',*,*,#698,.F.);
#397=ORIENTED_EDGE('',*,*,#699,.F.);
#398=ORIENTED_EDGE('',*,*,#696,.T.);
#399=ORIENTED_EDGE('',*,*,#600,.T.);
#400=ORIENTED_EDGE('',*,*,#700,.F.);
#401=ORIENTED_EDGE('',*,*,#701,.F.);
#402=ORIENTED_EDGE('',*,*,#698,.T.);
#403=ORIENTED_EDGE('',*,*,#599,.T.);
#404=ORIENTED_EDGE('',*,*,#702,.F.);
#405=ORIENTED_EDGE('',*,*,#703,.F.);
#406=ORIENTED_EDGE('',*,*,#700,.T.);
#407=ORIENTED_EDGE('',*,*,#598,.T.);
#408=ORIENTED_EDGE('',*,*,#704,.F.);
#409=ORIENTED_EDGE('',*,*,#705,.F.);
#410=ORIENTED_EDGE('',*,*,#702,.T.);
#411=ORIENTED_EDGE('',*,*,#597,.T.);
#412=ORIENTED_EDGE('',*,*,#706,.F.);
#413=ORIENTED_EDGE('',*,*,#707,.F.);
#414=ORIENTED_EDGE('',*,*,#704,.T.);
#415=ORIENTED_EDGE('',*,*,#596,.T.);
#416=ORIENTED_EDGE('',*,*,#695,.F.);
#417=ORIENTED_EDGE('',*,*,#708,.F.);
#418=ORIENTED_EDGE('',*,*,#706,.T.);
#419=ORIENTED_EDGE('',*,*,#694,.T.);
#420=ORIENTED_EDGE('',*,*,#697,.T.);
#421=ORIENTED_EDGE('',*,*,#699,.T.);
#422=ORIENTED_EDGE('',*,*,#701,.T.);
#423=ORIENTED_EDGE('',*,*,#703,.T.);
#424=ORIENTED_EDGE('',*,*,#705,.T.);
#425=ORIENTED_EDGE('',*,*,#707,.T.);
#426=ORIENTED_EDGE('',*,*,#708,.T.);
#427=ORIENTED_EDGE('',*,*,#570,.F.);
#428=ORIENTED_EDGE('',*,*,#709,.F.);
#429=ORIENTED_EDGE('',*,*,#710,.T.);
#430=ORIENTED_EDGE('',*,*,#711,.T.);
#431=ORIENTED_EDGE('',*,*,#569,.T.);
#432=ORIENTED_EDGE('',*,*,#712,.F.);
#433=ORIENTED_EDGE('',*,*,#713,.F.);
#434=ORIENTED_EDGE('',*,*,#709,.T.);
#435=ORIENTED_EDGE('',*,*,#576,.F.);
#436=ORIENTED_EDGE('',*,*,#714,.F.);
#437=ORIENTED_EDGE('',*,*,#715,.T.);
#438=ORIENTED_EDGE('',*,*,#712,.T.);
#439=ORIENTED_EDGE('',*,*,#575,.T.);
#440=ORIENTED_EDGE('',*,*,#716,.F.);
#441=ORIENTED_EDGE('',*,*,#717,.F.);
#442=ORIENTED_EDGE('',*,*,#714,.T.);
#443=ORIENTED_EDGE('',*,*,#574,.F.);
#444=ORIENTED_EDGE('',*,*,#718,.F.);
#445=ORIENTED_EDGE('',*,*,#719,.T.);
#446=ORIENTED_EDGE('',*,*,#716,.T.);
#447=ORIENTED_EDGE('',*,*,#573,.T.);
#448=ORIENTED_EDGE('',*,*,#720,.F.);
#449=ORIENTED_EDGE('',*,*,#721,.F.);
#450=ORIENTED_EDGE('',*,*,#718,.T.);
#451=ORIENTED_EDGE('',*,*,#572,.F.);
#452=ORIENTED_EDGE('',*,*,#722,.F.);
#453=ORIENTED_EDGE('',*,*,#723,.T.);
#454=ORIENTED_EDGE('',*,*,#720,.T.);
#455=ORIENTED_EDGE('',*,*,#571,.T.);
#456=ORIENTED_EDGE('',*,*,#711,.F.);
#457=ORIENTED_EDGE('',*,*,#724,.F.);
#458=ORIENTED_EDGE('',*,*,#722,.T.);
#459=ORIENTED_EDGE('',*,*,#710,.F.);
#460=ORIENTED_EDGE('',*,*,#713,.T.);
#461=ORIENTED_EDGE('',*,*,#715,.F.);
#462=ORIENTED_EDGE('',*,*,#717,.T.);
#463=ORIENTED_EDGE('',*,*,#719,.F.);
#464=ORIENTED_EDGE('',*,*,#721,.T.);
#465=ORIENTED_EDGE('',*,*,#723,.F.);
#466=ORIENTED_EDGE('',*,*,#724,.T.);
#467=ORIENTED_EDGE('',*,*,#582,.T.);
#468=ORIENTED_EDGE('',*,*,#725,.F.);
#469=ORIENTED_EDGE('',*,*,#726,.F.);
#470=ORIENTED_EDGE('',*,*,#727,.T.);
#471=ORIENTED_EDGE('',*,*,#589,.T.);
#472=ORIENTED_EDGE('',*,*,#728,.F.);
#473=ORIENTED_EDGE('',*,*,#729,.F.);
#474=ORIENTED_EDGE('',*,*,#725,.T.);
#475=ORIENTED_EDGE('',*,*,#588,.T.);
#476=ORIENTED_EDGE('',*,*,#730,.F.);
#477=ORIENTED_EDGE('',*,*,#731,.F.);
#478=ORIENTED_EDGE('',*,*,#728,.T.);
#479=ORIENTED_EDGE('',*,*,#587,.T.);
#480=ORIENTED_EDGE('',*,*,#732,.F.);
#481=ORIENTED_EDGE('',*,*,#733,.F.);
#482=ORIENTED_EDGE('',*,*,#730,.T.);
#483=ORIENTED_EDGE('',*,*,#586,.T.);
#484=ORIENTED_EDGE('',*,*,#734,.F.);
#485=ORIENTED_EDGE('',*,*,#735,.F.);
#486=ORIENTED_EDGE('',*,*,#732,.T.);
#487=ORIENTED_EDGE('',*,*,#585,.T.);
#488=ORIENTED_EDGE('',*,*,#736,.F.);
#489=ORIENTED_EDGE('',*,*,#737,.F.);
#490=ORIENTED_EDGE('',*,*,#734,.T.);
#491=ORIENTED_EDGE('',*,*,#584,.T.);
#492=ORIENTED_EDGE('',*,*,#738,.F.);
#493=ORIENTED_EDGE('',*,*,#739,.F.);
#494=ORIENTED_EDGE('',*,*,#736,.T.);
#495=ORIENTED_EDGE('',*,*,#583,.T.);
#496=ORIENTED_EDGE('',*,*,#727,.F.);
#497=ORIENTED_EDGE('',*,*,#740,.F.);
#498=ORIENTED_EDGE('',*,*,#738,.T.);
#499=ORIENTED_EDGE('',*,*,#726,.T.);
#500=ORIENTED_EDGE('',*,*,#729,.T.);
#501=ORIENTED_EDGE('',*,*,#731,.T.);
#502=ORIENTED_EDGE('',*,*,#733,.T.);
#503=ORIENTED_EDGE('',*,*,#735,.T.);
#504=ORIENTED_EDGE('',*,*,#737,.T.);
#505=ORIENTED_EDGE('',*,*,#739,.T.);
#506=ORIENTED_EDGE('',*,*,#740,.T.);
#507=ORIENTED_EDGE('',*,*,#559,.F.);
#508=ORIENTED_EDGE('',*,*,#741,.F.);
#509=ORIENTED_EDGE('',*,*,#742,.T.);
#510=ORIENTED_EDGE('',*,*,#743,.T.);
#511=ORIENTED_EDGE('',*,*,#558,.T.);
#512=ORIENTED_EDGE('',*,*,#744,.F.);
#513=ORIENTED_EDGE('',*,*,#745,.F.);
#514=ORIENTED_EDGE('',*,*,#741,.T.);
#515=ORIENTED_EDGE('',*,*,#565,.F.);
#516=ORIENTED_EDGE('',*,*,#746,.F.);
#517=ORIENTED_EDGE('',*,*,#747,.T.);
#518=ORIENTED_EDGE('',*,*,#744,.T.);
#519=ORIENTED_EDGE('',*,*,#564,.T.);
#520=ORIENTED_EDGE('',*,*,#748,.F.);
#521=ORIENTED_EDGE('',*,*,#749,.F.);
#522=ORIENTED_EDGE('',*,*,#746,.T.);
#523=ORIENTED_EDGE('',*,*,#563,.F.);
#524=ORIENTED_EDGE('',*,*,#750,.F.);
#525=ORIENTED_EDGE('',*,*,#751,.T.);
#526=ORIENTED_EDGE('',*,*,#748,.T.);
#527=ORIENTED_EDGE('',*,*,#562,.T.);
#528=ORIENTED_EDGE('',*,*,#752,.F.);
#529=ORIENTED_EDGE('',*,*,#753,.F.);
#530=ORIENTED_EDGE('',*,*,#750,.T.);
#531=ORIENTED_EDGE('',*,*,#561,.F.);
#532=ORIENTED_EDGE('',*,*,#754,.F.);
#533=ORIENTED_EDGE('',*,*,#755,.T.);
#534=ORIENTED_EDGE('',*,*,#752,.T.);
#535=ORIENTED_EDGE('',*,*,#560,.T.);
#536=ORIENTED_EDGE('',*,*,#743,.F.);
#537=ORIENTED_EDGE('',*,*,#756,.F.);
#538=ORIENTED_EDGE('',*,*,#754,.T.);
#539=ORIENTED_EDGE('',*,*,#742,.F.);
#540=ORIENTED_EDGE('',*,*,#745,.T.);
#541=ORIENTED_EDGE('',*,*,#747,.F.);
#542=ORIENTED_EDGE('',*,*,#749,.T.);
#543=ORIENTED_EDGE('',*,*,#751,.F.);
#544=ORIENTED_EDGE('',*,*,#753,.T.);
#545=ORIENTED_EDGE('',*,*,#755,.F.);
#546=ORIENTED_EDGE('',*,*,#756,.T.);
#547=ORIENTED_EDGE('',*,*,#757,.F.);
#548=ORIENTED_EDGE('',*,*,#646,.T.);
#549=ORIENTED_EDGE('',*,*,#757,.T.);
#550=EDGE_CURVE('',#758,#759,#902,.T.);
#551=EDGE_CURVE('',#760,#758,#54,.T.);
#552=EDGE_CURVE('',#761,#760,#903,.T.);
#553=EDGE_CURVE('',#762,#761,#55,.T.);
#554=EDGE_CURVE('',#763,#762,#904,.T.);
#555=EDGE_CURVE('',#764,#763,#56,.T.);
#556=EDGE_CURVE('',#765,#764,#905,.T.);
#557=EDGE_CURVE('',#759,#765,#57,.T.);
#558=EDGE_CURVE('',#766,#767,#58,.T.);
#559=EDGE_CURVE('',#766,#768,#906,.T.);
#560=EDGE_CURVE('',#769,#768,#59,.T.);
#561=EDGE_CURVE('',#769,#770,#907,.T.);
#562=EDGE_CURVE('',#771,#770,#60,.T.);
#563=EDGE_CURVE('',#771,#772,#908,.T.);
#564=EDGE_CURVE('',#773,#772,#61,.T.);
#565=EDGE_CURVE('',#773,#767,#909,.T.);
#566=EDGE_CURVE('',#774,#762,#910,.T.);
#567=EDGE_CURVE('',#775,#774,#911,.T.);
#568=EDGE_CURVE('',#775,#763,#912,.T.);
#569=EDGE_CURVE('',#776,#777,#62,.T.);
#570=EDGE_CURVE('',#776,#778,#913,.T.);
#571=EDGE_CURVE('',#779,#778,#63,.T.);
#572=EDGE_CURVE('',#779,#780,#914,.T.);
#573=EDGE_CURVE('',#781,#780,#64,.T.);
#574=EDGE_CURVE('',#781,#782,#915,.T.);
#575=EDGE_CURVE('',#783,#782,#65,.T.);
#576=EDGE_CURVE('',#783,#777,#916,.T.);
#577=EDGE_CURVE('',#784,#759,#917,.T.);
#578=EDGE_CURVE('',#785,#784,#918,.T.);
#579=EDGE_CURVE('',#785,#758,#919,.T.);
#580=EDGE_CURVE('',#786,#765,#920,.T.);
#581=EDGE_CURVE('',#784,#786,#66,.T.);
#582=EDGE_CURVE('',#787,#788,#921,.T.);
#583=EDGE_CURVE('',#789,#787,#67,.T.);
#584=EDGE_CURVE('',#790,#789,#922,.T.);
#585=EDGE_CURVE('',#791,#790,#68,.T.);
#586=EDGE_CURVE('',#792,#791,#923,.T.);
#587=EDGE_CURVE('',#793,#792,#69,.T.);
#588=EDGE_CURVE('',#794,#793,#924,.T.);
#589=EDGE_CURVE('',#788,#794,#70,.T.);
#590=EDGE_CURVE('',#795,#764,#925,.T.);
#591=EDGE_CURVE('',#786,#795,#926,.T.);
#592=EDGE_CURVE('',#795,#775,#71,.T.);
#593=EDGE_CURVE('',#796,#761,#927,.T.);
#594=EDGE_CURVE('',#774,#796,#72,.T.);
#595=EDGE_CURVE('',#797,#798,#928,.T.);
#596=EDGE_CURVE('',#799,#797,#73,.T.);
#597=EDGE_CURVE('',#800,#799,#929,.T.);
#598=EDGE_CURVE('',#801,#800,#74,.T.);
#599=EDGE_CURVE('',#802,#801,#930,.T.);
#600=EDGE_CURVE('',#803,#802,#75,.T.);
#601=EDGE_CURVE('',#804,#803,#931,.T.);
#602=EDGE_CURVE('',#798,#804,#76,.T.);
#603=EDGE_CURVE('',#805,#806,#932,.T.);
#604=EDGE_CURVE('',#807,#805,#77,.T.);
#605=EDGE_CURVE('',#808,#807,#933,.T.);
#606=EDGE_CURVE('',#809,#808,#78,.T.);
#607=EDGE_CURVE('',#810,#809,#934,.T.);
#608=EDGE_CURVE('',#811,#810,#79,.T.);
#609=EDGE_CURVE('',#812,#811,#935,.T.);
#610=EDGE_CURVE('',#806,#812,#80,.T.);
#611=EDGE_CURVE('',#813,#814,#936,.T.);
#612=EDGE_CURVE('',#815,#813,#81,.T.);
#613=EDGE_CURVE('',#816,#815,#937,.T.);
#614=EDGE_CURVE('',#817,#816,#82,.T.);
#615=EDGE_CURVE('',#818,#817,#938,.T.);
#616=EDGE_CURVE('',#819,#818,#83,.T.);
#617=EDGE_CURVE('',#820,#819,#939,.T.);
#618=EDGE_CURVE('',#814,#820,#84,.T.);
#619=EDGE_CURVE('',#821,#760,#940,.T.);
#620=EDGE_CURVE('',#796,#821,#941,.T.);
#621=EDGE_CURVE('',#821,#785,#85,.T.);
#622=EDGE_CURVE('',#822,#823,#942,.T.);
#623=EDGE_CURVE('',#824,#822,#86,.T.);
#624=EDGE_CURVE('',#825,#824,#943,.T.);
#625=EDGE_CURVE('',#826,#825,#87,.T.);
#626=EDGE_CURVE('',#827,#826,#944,.T.);
#627=EDGE_CURVE('',#828,#827,#88,.T.);
#628=EDGE_CURVE('',#829,#828,#945,.T.);
#629=EDGE_CURVE('',#823,#829,#89,.T.);
#630=EDGE_CURVE('',#830,#823,#946,.T.);
#631=EDGE_CURVE('',#831,#830,#947,.T.);
#632=EDGE_CURVE('',#831,#822,#948,.T.);
#633=EDGE_CURVE('',#832,#829,#949,.T.);
#634=EDGE_CURVE('',#830,#832,#90,.T.);
#635=EDGE_CURVE('',#833,#828,#950,.T.);
#636=EDGE_CURVE('',#832,#833,#951,.T.);
#637=EDGE_CURVE('',#834,#827,#952,.T.);
#638=EDGE_CURVE('',#833,#834,#91,.T.);
#639=EDGE_CURVE('',#835,#826,#953,.T.);
#640=EDGE_CURVE('',#834,#835,#954,.T.);
#641=EDGE_CURVE('',#836,#825,#955,.T.);
#642=EDGE_CURVE('',#835,#836,#92,.T.);
#643=EDGE_CURVE('',#837,#824,#956,.T.);
#644=EDGE_CURVE('',#836,#837,#957,.T.);
#645=EDGE_CURVE('',#837,#831,#93,.T.);
#646=EDGE_CURVE('',#838,#838,#94,.T.);
#647=EDGE_CURVE('',#839,#839,#95,.T.);
#648=EDGE_CURVE('',#840,#840,#96,.T.);
#649=EDGE_CURVE('',#841,#841,#97,.T.);
#650=EDGE_CURVE('',#842,#842,#98,.T.);
#651=EDGE_CURVE('',#843,#843,#99,.T.);
#652=EDGE_CURVE('',#844,#844,#100,.T.);
#653=EDGE_CURVE('',#845,#845,#101,.T.);
#654=EDGE_CURVE('',#846,#846,#102,.T.);
#655=EDGE_CURVE('',#847,#847,#103,.T.);
#656=EDGE_CURVE('',#848,#848,#104,.T.);
#657=EDGE_CURVE('',#849,#849,#105,.T.);
#658=EDGE_CURVE('',#850,#850,#106,.T.);
#659=EDGE_CURVE('',#851,#851,#107,.T.);
#660=EDGE_CURVE('',#852,#852,#108,.T.);
#661=EDGE_CURVE('',#853,#814,#958,.T.);
#662=EDGE_CURVE('',#854,#853,#959,.T.);
#663=EDGE_CURVE('',#854,#813,#960,.T.);
#664=EDGE_CURVE('',#855,#820,#961,.T.);
#665=EDGE_CURVE('',#853,#855,#109,.T.);
#666=EDGE_CURVE('',#856,#819,#962,.T.);
#667=EDGE_CURVE('',#855,#856,#963,.T.);
#668=EDGE_CURVE('',#857,#818,#964,.T.);
#669=EDGE_CURVE('',#856,#857,#110,.T.);
#670=EDGE_CURVE('',#858,#817,#965,.T.);
#671=EDGE_CURVE('',#857,#858,#966,.T.);
#672=EDGE_CURVE('',#859,#816,#967,.T.);
#673=EDGE_CURVE('',#858,#859,#111,.T.);
#674=EDGE_CURVE('',#860,#815,#968,.T.);
#675=EDGE_CURVE('',#859,#860,#969,.T.);
#676=EDGE_CURVE('',#860,#854,#112,.T.);
#677=EDGE_CURVE('',#861,#806,#970,.T.);
#678=EDGE_CURVE('',#862,#861,#971,.T.);
#679=EDGE_CURVE('',#862,#805,#972,.T.);
#680=EDGE_CURVE('',#863,#812,#973,.T.);
#681=EDGE_CURVE('',#861,#863,#113,.T.);
#682=EDGE_CURVE('',#864,#811,#974,.T.);
#683=EDGE_CURVE('',#863,#864,#975,.T.);
#684=EDGE_CURVE('',#865,#810,#976,.T.);
#685=EDGE_CURVE('',#864,#865,#114,.T.);
#686=EDGE_CURVE('',#866,#809,#977,.T.);
#687=EDGE_CURVE('',#865,#866,#978,.T.);
#688=EDGE_CURVE('',#867,#808,#979,.T.);
#689=EDGE_CURVE('',#866,#867,#115,.T.);
#690=EDGE_CURVE('',#868,#807,#980,.T.);
#691=EDGE_CURVE('',#867,#868,#981,.T.);
#692=EDGE_CURVE('',#868,#862,#116,.T.);
#693=EDGE_CURVE('',#869,#798,#982,.T.);
#694=EDGE_CURVE('',#870,#869,#983,.T.);
#695=EDGE_CURVE('',#870,#797,#984,.T.);
#696=EDGE_CURVE('',#871,#804,#985,.T.);
#697=EDGE_CURVE('',#869,#871,#117,.T.);
#698=EDGE_CURVE('',#872,#803,#986,.T.);
#699=EDGE_CURVE('',#871,#872,#987,.T.);
#700=EDGE_CURVE('',#873,#802,#988,.T.);
#701=EDGE_CURVE('',#872,#873,#118,.T.);
#702=EDGE_CURVE('',#874,#801,#989,.T.);
#703=EDGE_CURVE('',#873,#874,#990,.T.);
#704=EDGE_CURVE('',#875,#800,#991,.T.);
#705=EDGE_CURVE('',#874,#875,#119,.T.);
#706=EDGE_CURVE('',#876,#799,#992,.T.);
#707=EDGE_CURVE('',#875,#876,#993,.T.);
#708=EDGE_CURVE('',#876,#870,#120,.T.);
#709=EDGE_CURVE('',#877,#776,#994,.T.);
#710=EDGE_CURVE('',#877,#878,#995,.T.);
#711=EDGE_CURVE('',#878,#778,#996,.T.);
#712=EDGE_CURVE('',#879,#777,#997,.T.);
#713=EDGE_CURVE('',#877,#879,#121,.T.);
#714=EDGE_CURVE('',#880,#783,#998,.T.);
#715=EDGE_CURVE('',#880,#879,#999,.T.);
#716=EDGE_CURVE('',#881,#782,#1000,.T.);
#717=EDGE_CURVE('',#880,#881,#122,.T.);
#718=EDGE_CURVE('',#882,#781,#1001,.T.);
#719=EDGE_CURVE('',#882,#881,#1002,.T.);
#720=EDGE_CURVE('',#883,#780,#1003,.T.);
#721=EDGE_CURVE('',#882,#883,#123,.T.);
#722=EDGE_CURVE('',#884,#779,#1004,.T.);
#723=EDGE_CURVE('',#884,#883,#1005,.T.);
#724=EDGE_CURVE('',#884,#878,#124,.T.);
#725=EDGE_CURVE('',#885,#788,#1006,.T.);
#726=EDGE_CURVE('',#886,#885,#1007,.T.);
#727=EDGE_CURVE('',#886,#787,#1008,.T.);
#728=EDGE_CURVE('',#887,#794,#1009,.T.);
#729=EDGE_CURVE('',#885,#887,#125,.T.);
#730=EDGE_CURVE('',#888,#793,#1010,.T.);
#731=EDGE_CURVE('',#887,#888,#1011,.T.);
#732=EDGE_CURVE('',#889,#792,#1012,.T.);
#733=EDGE_CURVE('',#888,#889,#126,.T.);
#734=EDGE_CURVE('',#890,#791,#1013,.T.);
#735=EDGE_CURVE('',#889,#890,#1014,.T.);
#736=EDGE_CURVE('',#891,#790,#1015,.T.);
#737=EDGE_CURVE('',#890,#891,#127,.T.);
#738=EDGE_CURVE('',#892,#789,#1016,.T.);
#739=EDGE_CURVE('',#891,#892,#1017,.T.);
#740=EDGE_CURVE('',#892,#886,#128,.T.);
#741=EDGE_CURVE('',#893,#766,#1018,.T.);
#742=EDGE_CURVE('',#893,#894,#1019,.T.);
#743=EDGE_CURVE('',#894,#768,#1020,.T.);
#744=EDGE_CURVE('',#895,#767,#1021,.T.);
#745=EDGE_CURVE('',#893,#895,#129,.T.);
#746=EDGE_CURVE('',#896,#773,#1022,.T.);
#747=EDGE_CURVE('',#896,#895,#1023,.T.);
#748=EDGE_CURVE('',#897,#772,#1024,.T.);
#749=EDGE_CURVE('',#896,#897,#130,.T.);
#750=EDGE_CURVE('',#898,#771,#1025,.T.);
#751=EDGE_CURVE('',#898,#897,#1026,.T.);
#752=EDGE_CURVE('',#899,#770,#1027,.T.);
#753=EDGE_CURVE('',#898,#899,#131,.T.);
#754=EDGE_CURVE('',#900,#769,#1028,.T.);
#755=EDGE_CURVE('',#900,#899,#1029,.T.);
#756=EDGE_CURVE('',#900,#894,#132,.T.);
#757=EDGE_CURVE('',#901,#901,#133,.T.);
#758=VERTEX_POINT('',#2252);
#759=VERTEX_POINT('',#2253);
#760=VERTEX_POINT('',#2255);
#761=VERTEX_POINT('',#2257);
#762=VERTEX_POINT('',#2259);
#763=VERTEX_POINT('',#2261);
#764=VERTEX_POINT('',#2263);
#765=VERTEX_POINT('',#2265);
#766=VERTEX_POINT('',#2268);
#767=VERTEX_POINT('',#2269);
#768=VERTEX_POINT('',#2271);
#769=VERTEX_POINT('',#2273);
#770=VERTEX_POINT('',#2275);
#771=VERTEX_POINT('',#2277);
#772=VERTEX_POINT('',#2279);
#773=VERTEX_POINT('',#2281);
#774=VERTEX_POINT('',#2285);
#775=VERTEX_POINT('',#2287);
#776=VERTEX_POINT('',#2290);
#777=VERTEX_POINT('',#2291);
#778=VERTEX_POINT('',#2293);
#779=VERTEX_POINT('',#2295);
#780=VERTEX_POINT('',#2297);
#781=VERTEX_POINT('',#2299);
#782=VERTEX_POINT('',#2301);
#783=VERTEX_POINT('',#2303);
#784=VERTEX_POINT('',#2307);
#785=VERTEX_POINT('',#2309);
#786=VERTEX_POINT('',#2313);
#787=VERTEX_POINT('',#2317);
#788=VERTEX_POINT('',#2318);
#789=VERTEX_POINT('',#2320);
#790=VERTEX_POINT('',#2322);
#791=VERTEX_POINT('',#2324);
#792=VERTEX_POINT('',#2326);
#793=VERTEX_POINT('',#2328);
#794=VERTEX_POINT('',#2330);
#795=VERTEX_POINT('',#2333);
#796=VERTEX_POINT('',#2339);
#797=VERTEX_POINT('',#2343);
#798=VERTEX_POINT('',#2344);
#799=VERTEX_POINT('',#2346);
#800=VERTEX_POINT('',#2348);
#801=VERTEX_POINT('',#2350);
#802=VERTEX_POINT('',#2352);
#803=VERTEX_POINT('',#2354);
#804=VERTEX_POINT('',#2356);
#805=VERTEX_POINT('',#2359);
#806=VERTEX_POINT('',#2360);
#807=VERTEX_POINT('',#2362);
#808=VERTEX_POINT('',#2364);
#809=VERTEX_POINT('',#2366);
#810=VERTEX_POINT('',#2368);
#811=VERTEX_POINT('',#2370);
#812=VERTEX_POINT('',#2372);
#813=VERTEX_POINT('',#2375);
#814=VERTEX_POINT('',#2376);
#815=VERTEX_POINT('',#2378);
#816=VERTEX_POINT('',#2380);
#817=VERTEX_POINT('',#2382);
#818=VERTEX_POINT('',#2384);
#819=VERTEX_POINT('',#2386);
#820=VERTEX_POINT('',#2388);
#821=VERTEX_POINT('',#2391);
#822=VERTEX_POINT('',#2397);
#823=VERTEX_POINT('',#2398);
#824=VERTEX_POINT('',#2400);
#825=VERTEX_POINT('',#2402);
#826=VERTEX_POINT('',#2404);
#827=VERTEX_POINT('',#2406);
#828=VERTEX_POINT('',#2408);
#829=VERTEX_POINT('',#2410);
#830=VERTEX_POINT('',#2414);
#831=VERTEX_POINT('',#2416);
#832=VERTEX_POINT('',#2420);
#833=VERTEX_POINT('',#2424);
#834=VERTEX_POINT('',#2428);
#835=VERTEX_POINT('',#2432);
#836=VERTEX_POINT('',#2436);
#837=VERTEX_POINT('',#2440);
#838=VERTEX_POINT('',#2446);
#839=VERTEX_POINT('',#2448);
#840=VERTEX_POINT('',#2450);
#841=VERTEX_POINT('',#2452);
#842=VERTEX_POINT('',#2454);
#843=VERTEX_POINT('',#2457);
#844=VERTEX_POINT('',#2460);
#845=VERTEX_POINT('',#2463);
#846=VERTEX_POINT('',#2466);
#847=VERTEX_POINT('',#2469);
#848=VERTEX_POINT('',#2472);
#849=VERTEX_POINT('',#2475);
#850=VERTEX_POINT('',#2479);
#851=VERTEX_POINT('',#2482);
#852=VERTEX_POINT('',#2486);
#853=VERTEX_POINT('',#2491);
#854=VERTEX_POINT('',#2493);
#855=VERTEX_POINT('',#2497);
#856=VERTEX_POINT('',#2501);
#857=VERTEX_POINT('',#2505);
#858=VERTEX_POINT('',#2509);
#859=VERTEX_POINT('',#2513);
#860=VERTEX_POINT('',#2517);
#861=VERTEX_POINT('',#2524);
#862=VERTEX_POINT('',#2526);
#863=VERTEX_POINT('',#2530);
#864=VERTEX_POINT('',#2534);
#865=VERTEX_POINT('',#2538);
#866=VERTEX_POINT('',#2542);
#867=VERTEX_POINT('',#2546);
#868=VERTEX_POINT('',#2550);
#869=VERTEX_POINT('',#2557);
#870=VERTEX_POINT('',#2559);
#871=VERTEX_POINT('',#2563);
#872=VERTEX_POINT('',#2567);
#873=VERTEX_POINT('',#2571);
#874=VERTEX_POINT('',#2575);
#875=VERTEX_POINT('',#2579);
#876=VERTEX_POINT('',#2583);
#877=VERTEX_POINT('',#2590);
#878=VERTEX_POINT('',#2592);
#879=VERTEX_POINT('',#2596);
#880=VERTEX_POINT('',#2600);
#881=VERTEX_POINT('',#2604);
#882=VERTEX_POINT('',#2608);
#883=VERTEX_POINT('',#2612);
#884=VERTEX_POINT('',#2616);
#885=VERTEX_POINT('',#2623);
#886=VERTEX_POINT('',#2625);
#887=VERTEX_POINT('',#2629);
#888=VERTEX_POINT('',#2633);
#889=VERTEX_POINT('',#2637);
#890=VERTEX_POINT('',#2641);
#891=VERTEX_POINT('',#2645);
#892=VERTEX_POINT('',#2649);
#893=VERTEX_POINT('',#2656);
#894=VERTEX_POINT('',#2658);
#895=VERTEX_POINT('',#2662);
#896=VERTEX_POINT('',#2666);
#897=VERTEX_POINT('',#2670);
#898=VERTEX_POINT('',#2674);
#899=VERTEX_POINT('',#2678);
#900=VERTEX_POINT('',#2682);
#901=VERTEX_POINT('',#2689);
#902=LINE('',#2251,#1030);
#903=LINE('',#2256,#1031);
#904=LINE('',#2260,#1032);
#905=LINE('',#2264,#1033);
#906=LINE('',#2270,#1034);
#907=LINE('',#2274,#1035);
#908=LINE('',#2278,#1036);
#909=LINE('',#2282,#1037);
#910=LINE('',#2284,#1038);
#911=LINE('',#2286,#1039);
#912=LINE('',#2288,#1040);
#913=LINE('',#2292,#1041);
#914=LINE('',#2296,#1042);
#915=LINE('',#2300,#1043);
#916=LINE('',#2304,#1044);
#917=LINE('',#2306,#1045);
#918=LINE('',#2308,#1046);
#919=LINE('',#2310,#1047);
#920=LINE('',#2312,#1048);
#921=LINE('',#2316,#1049);
#922=LINE('',#2321,#1050);
#923=LINE('',#2325,#1051);
#924=LINE('',#2329,#1052);
#925=LINE('',#2332,#1053);
#926=LINE('',#2334,#1054);
#927=LINE('',#2338,#1055);
#928=LINE('',#2342,#1056);
#929=LINE('',#2347,#1057);
#930=LINE('',#2351,#1058);
#931=LINE('',#2355,#1059);
#932=LINE('',#2358,#1060);
#933=LINE('',#2363,#1061);
#934=LINE('',#2367,#1062);
#935=LINE('',#2371,#1063);
#936=LINE('',#2374,#1064);
#937=LINE('',#2379,#1065);
#938=LINE('',#2383,#1066);
#939=LINE('',#2387,#1067);
#940=LINE('',#2390,#1068);
#941=LINE('',#2392,#1069);
#942=LINE('',#2396,#1070);
#943=LINE('',#2401,#1071);
#944=LINE('',#2405,#1072);
#945=LINE('',#2409,#1073);
#946=LINE('',#2413,#1074);
#947=LINE('',#2415,#1075);
#948=LINE('',#2417,#1076);
#949=LINE('',#2419,#1077);
#950=LINE('',#2423,#1078);
#951=LINE('',#2425,#1079);
#952=LINE('',#2427,#1080);
#953=LINE('',#2431,#1081);
#954=LINE('',#2433,#1082);
#955=LINE('',#2435,#1083);
#956=LINE('',#2439,#1084);
#957=LINE('',#2441,#1085);
#958=LINE('',#2490,#1086);
#959=LINE('',#2492,#1087);
#960=LINE('',#2494,#1088);
#961=LINE('',#2496,#1089);
#962=LINE('',#2500,#1090);
#963=LINE('',#2502,#1091);
#964=LINE('',#2504,#1092);
#965=LINE('',#2508,#1093);
#966=LINE('',#2510,#1094);
#967=LINE('',#2512,#1095);
#968=LINE('',#2516,#1096);
#969=LINE('',#2518,#1097);
#970=LINE('',#2523,#1098);
#971=LINE('',#2525,#1099);
#972=LINE('',#2527,#1100);
#973=LINE('',#2529,#1101);
#974=LINE('',#2533,#1102);
#975=LINE('',#2535,#1103);
#976=LINE('',#2537,#1104);
#977=LINE('',#2541,#1105);
#978=LINE('',#2543,#1106);
#979=LINE('',#2545,#1107);
#980=LINE('',#2549,#1108);
#981=LINE('',#2551,#1109);
#982=LINE('',#2556,#1110);
#983=LINE('',#2558,#1111);
#984=LINE('',#2560,#1112);
#985=LINE('',#2562,#1113);
#986=LINE('',#2566,#1114);
#987=LINE('',#2568,#1115);
#988=LINE('',#2570,#1116);
#989=LINE('',#2574,#1117);
#990=LINE('',#2576,#1118);
#991=LINE('',#2578,#1119);
#992=LINE('',#2582,#1120);
#993=LINE('',#2584,#1121);
#994=LINE('',#2589,#1122);
#995=LINE('',#2591,#1123);
#996=LINE('',#2593,#1124);
#997=LINE('',#2595,#1125);
#998=LINE('',#2599,#1126);
#999=LINE('',#2601,#1127);
#1000=LINE('',#2603,#1128);
#1001=LINE('',#2607,#1129);
#1002=LINE('',#2609,#1130);
#1003=LINE('',#2611,#1131);
#1004=LINE('',#2615,#1132);
#1005=LINE('',#2617,#1133);
#1006=LINE('',#2622,#1134);
#1007=LINE('',#2624,#1135);
#1008=LINE('',#2626,#1136);
#1009=LINE('',#2628,#1137);
#1010=LINE('',#2632,#1138);
#1011=LINE('',#2634,#1139);
#1012=LINE('',#2636,#1140);
#1013=LINE('',#2640,#1141);
#1014=LINE('',#2642,#1142);
#1015=LINE('',#2644,#1143);
#1016=LINE('',#2648,#1144);
#1017=LINE('',#2650,#1145);
#1018=LINE('',#2655,#1146);
#1019=LINE('',#2657,#1147);
#1020=LINE('',#2659,#1148);
#1021=LINE('',#2661,#1149);
#1022=LINE('',#2665,#1150);
#1023=LINE('',#2667,#1151);
#1024=LINE('',#2669,#1152);
#1025=LINE('',#2673,#1153);
#1026=LINE('',#2675,#1154);
#1027=LINE('',#2677,#1155);
#1028=LINE('',#2681,#1156);
#1029=LINE('',#2683,#1157);
#1030=VECTOR('',#1785,1.);
#1031=VECTOR('',#1788,1.);
#1032=VECTOR('',#1791,1.);
#1033=VECTOR('',#1794,1.);
#1034=VECTOR('',#1799,1.);
#1035=VECTOR('',#1802,1.);
#1036=VECTOR('',#1805,1.);
#1037=VECTOR('',#1808,1.);
#1038=VECTOR('',#1811,1.);
#1039=VECTOR('',#1812,1.);
#1040=VECTOR('',#1813,1.);
#1041=VECTOR('',#1816,1.);
#1042=VECTOR('',#1819,1.);
#1043=VECTOR('',#1822,1.);
#1044=VECTOR('',#1825,1.);
#1045=VECTOR('',#1828,1.);
#1046=VECTOR('',#1829,1.);
#1047=VECTOR('',#1830,1.);
#1048=VECTOR('',#1833,1.);
#1049=VECTOR('',#1838,1.);
#1050=VECTOR('',#1841,1.);
#1051=VECTOR('',#1844,1.);
#1052=VECTOR('',#1847,1.);
#1053=VECTOR('',#1850,1.);
#1054=VECTOR('',#1851,1.);
#1055=VECTOR('',#1858,1.);
#1056=VECTOR('',#1863,1.);
#1057=VECTOR('',#1866,1.);
#1058=VECTOR('',#1869,1.);
#1059=VECTOR('',#1872,1.);
#1060=VECTOR('',#1875,1.);
#1061=VECTOR('',#1878,1.);
#1062=VECTOR('',#1881,1.);
#1063=VECTOR('',#1884,1.);
#1064=VECTOR('',#1887,1.);
#1065=VECTOR('',#1890,1.);
#1066=VECTOR('',#1893,1.);
#1067=VECTOR('',#1896,1.);
#1068=VECTOR('',#1899,1.);
#1069=VECTOR('',#1900,1.);
#1070=VECTOR('',#1907,1.);
#1071=VECTOR('',#1910,1.);
#1072=VECTOR('',#1913,1.);
#1073=VECTOR('',#1916,1.);
#1074=VECTOR('',#1921,1.);
#1075=VECTOR('',#1922,1.);
#1076=VECTOR('',#1923,1.);
#1077=VECTOR('',#1926,1.);
#1078=VECTOR('',#1931,1.);
#1079=VECTOR('',#1932,1.);
#1080=VECTOR('',#1935,1.);
#1081=VECTOR('',#1940,1.);
#1082=VECTOR('',#1941,1.);
#1083=VECTOR('',#1944,1.);
#1084=VECTOR('',#1949,1.);
#1085=VECTOR('',#1950,1.);
#1086=VECTOR('',#2017,1.);
#1087=VECTOR('',#2018,1.);
#1088=VECTOR('',#2019,1.);
#1089=VECTOR('',#2022,1.);
#1090=VECTOR('',#2027,1.);
#1091=VECTOR('',#2028,1.);
#1092=VECTOR('',#2031,1.);
#1093=VECTOR('',#2036,1.);
#1094=VECTOR('',#2037,1.);
#1095=VECTOR('',#2040,1.);
#1096=VECTOR('',#2045,1.);
#1097=VECTOR('',#2046,1.);
#1098=VECTOR('',#2055,1.);
#1099=VECTOR('',#2056,1.);
#1100=VECTOR('',#2057,1.);
#1101=VECTOR('',#2060,1.);
#1102=VECTOR('',#2065,1.);
#1103=VECTOR('',#2066,1.);
#1104=VECTOR('',#2069,1.);
#1105=VECTOR('',#2074,1.);
#1106=VECTOR('',#2075,1.);
#1107=VECTOR('',#2078,1.);
#1108=VECTOR('',#2083,1.);
#1109=VECTOR('',#2084,1.);
#1110=VECTOR('',#2093,1.);
#1111=VECTOR('',#2094,1.);
#1112=VECTOR('',#2095,1.);
#1113=VECTOR('',#2098,1.);
#1114=VECTOR('',#2103,1.);
#1115=VECTOR('',#2104,1.);
#1116=VECTOR('',#2107,1.);
#1117=VECTOR('',#2112,1.);
#1118=VECTOR('',#2113,1.);
#1119=VECTOR('',#2116,1.);
#1120=VECTOR('',#2121,1.);
#1121=VECTOR('',#2122,1.);
#1122=VECTOR('',#2131,1.);
#1123=VECTOR('',#2132,1.);
#1124=VECTOR('',#2133,1.);
#1125=VECTOR('',#2136,1.);
#1126=VECTOR('',#2141,1.);
#1127=VECTOR('',#2142,1.);
#1128=VECTOR('',#2145,1.);
#1129=VECTOR('',#2150,1.);
#1130=VECTOR('',#2151,1.);
#1131=VECTOR('',#2154,1.);
#1132=VECTOR('',#2159,1.);
#1133=VECTOR('',#2160,1.);
#1134=VECTOR('',#2169,1.);
#1135=VECTOR('',#2170,1.);
#1136=VECTOR('',#2171,1.);
#1137=VECTOR('',#2174,1.);
#1138=VECTOR('',#2179,1.);
#1139=VECTOR('',#2180,1.);
#1140=VECTOR('',#2183,1.);
#1141=VECTOR('',#2188,1.);
#1142=VECTOR('',#2189,1.);
#1143=VECTOR('',#2192,1.);
#1144=VECTOR('',#2197,1.);
#1145=VECTOR('',#2198,1.);
#1146=VECTOR('',#2207,1.);
#1147=VECTOR('',#2208,1.);
#1148=VECTOR('',#2209,1.);
#1149=VECTOR('',#2212,1.);
#1150=VECTOR('',#2217,1.);
#1151=VECTOR('',#2218,1.);
#1152=VECTOR('',#2221,1.);
#1153=VECTOR('',#2226,1.);
#1154=VECTOR('',#2227,1.);
#1155=VECTOR('',#2230,1.);
#1156=VECTOR('',#2235,1.);
#1157=VECTOR('',#2236,1.);
#1158=EDGE_LOOP('',(#134,#135,#136,#137,#138,#139,#140,#141));
#1159=EDGE_LOOP('',(#142,#143,#144,#145,#146,#147,#148,#149));
#1160=EDGE_LOOP('',(#150,#151,#152,#153));
#1161=EDGE_LOOP('',(#154,#155,#156,#157,#158,#159,#160,#161));
#1162=EDGE_LOOP('',(#162,#163,#164,#165));
#1163=EDGE_LOOP('',(#166,#167,#168,#169));
#1164=EDGE_LOOP('',(#170,#171,#172,#173,#174,#175,#176,#177));
#1165=EDGE_LOOP('',(#178,#179,#180,#181));
#1166=EDGE_LOOP('',(#182,#183,#184,#185));
#1167=EDGE_LOOP('',(#186,#187,#188,#189));
#1168=EDGE_LOOP('',(#190,#191,#192,#193,#194,#195,#196,#197));
#1169=EDGE_LOOP('',(#198,#199,#200,#201,#202,#203,#204,#205));
#1170=EDGE_LOOP('',(#206,#207,#208,#209,#210,#211,#212,#213));
#1171=EDGE_LOOP('',(#214,#215,#216,#217));
#1172=EDGE_LOOP('',(#218,#219,#220,#221));
#1173=EDGE_LOOP('',(#222,#223,#224,#225,#226,#227,#228,#229));
#1174=EDGE_LOOP('',(#230,#231,#232,#233,#234,#235,#236,#237));
#1175=EDGE_LOOP('',(#238,#239,#240,#241));
#1176=EDGE_LOOP('',(#242,#243,#244,#245));
#1177=EDGE_LOOP('',(#246,#247,#248,#249));
#1178=EDGE_LOOP('',(#250,#251,#252,#253));
#1179=EDGE_LOOP('',(#254,#255,#256,#257));
#1180=EDGE_LOOP('',(#258,#259,#260,#261));
#1181=EDGE_LOOP('',(#262,#263,#264,#265));
#1182=EDGE_LOOP('',(#266,#267,#268,#269));
#1183=EDGE_LOOP('',(#270));
#1184=EDGE_LOOP('',(#271));
#1185=EDGE_LOOP('',(#272));
#1186=EDGE_LOOP('',(#273));
#1187=EDGE_LOOP('',(#274));
#1188=EDGE_LOOP('',(#275,#276,#277,#278,#279,#280,#281,#282));
#1189=EDGE_LOOP('',(#283));
#1190=EDGE_LOOP('',(#284));
#1191=EDGE_LOOP('',(#285));
#1192=EDGE_LOOP('',(#286));
#1193=EDGE_LOOP('',(#287));
#1194=EDGE_LOOP('',(#288));
#1195=EDGE_LOOP('',(#289));
#1196=EDGE_LOOP('',(#290));
#1197=EDGE_LOOP('',(#291));
#1198=EDGE_LOOP('',(#292));
#1199=EDGE_LOOP('',(#293));
#1200=EDGE_LOOP('',(#294));
#1201=EDGE_LOOP('',(#295));
#1202=EDGE_LOOP('',(#296));
#1203=EDGE_LOOP('',(#297));
#1204=EDGE_LOOP('',(#298));
#1205=EDGE_LOOP('',(#299));
#1206=EDGE_LOOP('',(#300));
#1207=EDGE_LOOP('',(#301));
#1208=EDGE_LOOP('',(#302));
#1209=EDGE_LOOP('',(#303));
#1210=EDGE_LOOP('',(#304));
#1211=EDGE_LOOP('',(#305));
#1212=EDGE_LOOP('',(#306));
#1213=EDGE_LOOP('',(#307,#308,#309,#310));
#1214=EDGE_LOOP('',(#311,#312,#313,#314));
#1215=EDGE_LOOP('',(#315,#316,#317,#318));
#1216=EDGE_LOOP('',(#319,#320,#321,#322));
#1217=EDGE_LOOP('',(#323,#324,#325,#326));
#1218=EDGE_LOOP('',(#327,#328,#329,#330));
#1219=EDGE_LOOP('',(#331,#332,#333,#334));
#1220=EDGE_LOOP('',(#335,#336,#337,#338));
#1221=EDGE_LOOP('',(#339,#340,#341,#342,#343,#344,#345,#346));
#1222=EDGE_LOOP('',(#347,#348,#349,#350));
#1223=EDGE_LOOP('',(#351,#352,#353,#354));
#1224=EDGE_LOOP('',(#355,#356,#357,#358));
#1225=EDGE_LOOP('',(#359,#360,#361,#362));
#1226=EDGE_LOOP('',(#363,#364,#365,#366));
#1227=EDGE_LOOP('',(#367,#368,#369,#370));
#1228=EDGE_LOOP('',(#371,#372,#373,#374));
#1229=EDGE_LOOP('',(#375,#376,#377,#378));
#1230=EDGE_LOOP('',(#379,#380,#381,#382,#383,#384,#385,#386));
#1231=EDGE_LOOP('',(#387,#388,#389,#390));
#1232=EDGE_LOOP('',(#391,#392,#393,#394));
#1233=EDGE_LOOP('',(#395,#396,#397,#398));
#1234=EDGE_LOOP('',(#399,#400,#401,#402));
#1235=EDGE_LOOP('',(#403,#404,#405,#406));
#1236=EDGE_LOOP('',(#407,#408,#409,#410));
#1237=EDGE_LOOP('',(#411,#412,#413,#414));
#1238=EDGE_LOOP('',(#415,#416,#417,#418));
#1239=EDGE_LOOP('',(#419,#420,#421,#422,#423,#424,#425,#426));
#1240=EDGE_LOOP('',(#427,#428,#429,#430));
#1241=EDGE_LOOP('',(#431,#432,#433,#434));
#1242=EDGE_LOOP('',(#435,#436,#437,#438));
#1243=EDGE_LOOP('',(#439,#440,#441,#442));
#1244=EDGE_LOOP('',(#443,#444,#445,#446));
#1245=EDGE_LOOP('',(#447,#448,#449,#450));
#1246=EDGE_LOOP('',(#451,#452,#453,#454));
#1247=EDGE_LOOP('',(#455,#456,#457,#458));
#1248=EDGE_LOOP('',(#459,#460,#461,#462,#463,#464,#465,#466));
#1249=EDGE_LOOP('',(#467,#468,#469,#470));
#1250=EDGE_LOOP('',(#471,#472,#473,#474));
#1251=EDGE_LOOP('',(#475,#476,#477,#478));
#1252=EDGE_LOOP('',(#479,#480,#481,#482));
#1253=EDGE_LOOP('',(#483,#484,#485,#486));
#1254=EDGE_LOOP('',(#487,#488,#489,#490));
#1255=EDGE_LOOP('',(#491,#492,#493,#494));
#1256=EDGE_LOOP('',(#495,#496,#497,#498));
#1257=EDGE_LOOP('',(#499,#500,#501,#502,#503,#504,#505,#506));
#1258=EDGE_LOOP('',(#507,#508,#509,#510));
#1259=EDGE_LOOP('',(#511,#512,#513,#514));
#1260=EDGE_LOOP('',(#515,#516,#517,#518));
#1261=EDGE_LOOP('',(#519,#520,#521,#522));
#1262=EDGE_LOOP('',(#523,#524,#525,#526));
#1263=EDGE_LOOP('',(#527,#528,#529,#530));
#1264=EDGE_LOOP('',(#531,#532,#533,#534));
#1265=EDGE_LOOP('',(#535,#536,#537,#538));
#1266=EDGE_LOOP('',(#539,#540,#541,#542,#543,#544,#545,#546));
#1267=EDGE_LOOP('',(#547));
#1268=EDGE_LOOP('',(#548));
#1269=EDGE_LOOP('',(#549));
#1270=FACE_BOUND('',#1158,.T.);
#1271=FACE_BOUND('',#1159,.T.);
#1272=FACE_BOUND('',#1160,.T.);
#1273=FACE_BOUND('',#1161,.T.);
#1274=FACE_BOUND('',#1162,.T.);
#1275=FACE_BOUND('',#1163,.T.);
#1276=FACE_BOUND('',#1164,.T.);
#1277=FACE_BOUND('',#1165,.T.);
#1278=FACE_BOUND('',#1166,.T.);
#1279=FACE_BOUND('',#1167,.T.);
#1280=FACE_BOUND('',#1168,.T.);
#1281=FACE_BOUND('',#1169,.T.);
#1282=FACE_BOUND('',#1170,.T.);
#1283=FACE_BOUND('',#1171,.T.);
#1284=FACE_BOUND('',#1172,.T.);
#1285=FACE_BOUND('',#1173,.T.);
#1286=FACE_BOUND('',#1174,.T.);
#1287=FACE_BOUND('',#1175,.T.);
#1288=FACE_BOUND('',#1176,.T.);
#1289=FACE_BOUND('',#1177,.T.);
#1290=FACE_BOUND('',#1178,.T.);
#1291=FACE_BOUND('',#1179,.T.);
#1292=FACE_BOUND('',#1180,.T.);
#1293=FACE_BOUND('',#1181,.T.);
#1294=FACE_BOUND('',#1182,.T.);
#1295=FACE_BOUND('',#1183,.T.);
#1296=FACE_BOUND('',#1184,.T.);
#1297=FACE_BOUND('',#1185,.T.);
#1298=FACE_BOUND('',#1186,.T.);
#1299=FACE_BOUND('',#1187,.T.);
#1300=FACE_BOUND('',#1188,.T.);
#1301=FACE_BOUND('',#1189,.T.);
#1302=FACE_BOUND('',#1190,.T.);
#1303=FACE_BOUND('',#1191,.T.);
#1304=FACE_BOUND('',#1192,.T.);
#1305=FACE_BOUND('',#1193,.T.);
#1306=FACE_BOUND('',#1194,.T.);
#1307=FACE_BOUND('',#1195,.T.);
#1308=FACE_BOUND('',#1196,.T.);
#1309=FACE_BOUND('',#1197,.T.);
#1310=FACE_BOUND('',#1198,.T.);
#1311=FACE_BOUND('',#1199,.T.);
#1312=FACE_BOUND('',#1200,.T.);
#1313=FACE_BOUND('',#1201,.T.);
#1314=FACE_BOUND('',#1202,.T.);
#1315=FACE_BOUND('',#1203,.T.);
#1316=FACE_BOUND('',#1204,.T.);
#1317=FACE_BOUND('',#1205,.T.);
#1318=FACE_BOUND('',#1206,.T.);
#1319=FACE_BOUND('',#1207,.T.);
#1320=FACE_BOUND('',#1208,.T.);
#1321=FACE_BOUND('',#1209,.T.);
#1322=FACE_BOUND('',#1210,.T.);
#1323=FACE_BOUND('',#1211,.T.);
#1324=FACE_BOUND('',#1212,.T.);
#1325=FACE_BOUND('',#1213,.T.);
#1326=FACE_BOUND('',#1214,.T.);
#1327=FACE_BOUND('',#1215,.T.);
#1328=FACE_BOUND('',#1216,.T.);
#1329=FACE_BOUND('',#1217,.T.);
#1330=FACE_BOUND('',#1218,.T.);
#1331=FACE_BOUND('',#1219,.T.);
#1332=FACE_BOUND('',#1220,.T.);
#1333=FACE_BOUND('',#1221,.T.);
#1334=FACE_BOUND('',#1222,.T.);
#1335=FACE_BOUND('',#1223,.T.);
#1336=FACE_BOUND('',#1224,.T.);
#1337=FACE_BOUND('',#1225,.T.);
#1338=FACE_BOUND('',#1226,.T.);
#1339=FACE_BOUND('',#1227,.T.);
#1340=FACE_BOUND('',#1228,.T.);
#1341=FACE_BOUND('',#1229,.T.);
#1342=FACE_BOUND('',#1230,.T.);
#1343=FACE_BOUND('',#1231,.T.);
#1344=FACE_BOUND('',#1232,.T.);
#1345=FACE_BOUND('',#1233,.T.);
#1346=FACE_BOUND('',#1234,.T.);
#1347=FACE_BOUND('',#1235,.T.);
#1348=FACE_BOUND('',#1236,.T.);
#1349=FACE_BOUND('',#1237,.T.);
#1350=FACE_BOUND('',#1238,.T.);
#1351=FACE_BOUND('',#1239,.T.);
#1352=FACE_BOUND('',#1240,.T.);
#1353=FACE_BOUND('',#1241,.T.);
#1354=FACE_BOUND('',#1242,.T.);
#1355=FACE_BOUND('',#1243,.T.);
#1356=FACE_BOUND('',#1244,.T.);
#1357=FACE_BOUND('',#1245,.T.);
#1358=FACE_BOUND('',#1246,.T.);
#1359=FACE_BOUND('',#1247,.T.);
#1360=FACE_BOUND('',#1248,.T.);
#1361=FACE_BOUND('',#1249,.T.);
#1362=FACE_BOUND('',#1250,.T.);
#1363=FACE_BOUND('',#1251,.T.);
#1364=FACE_BOUND('',#1252,.T.);
#1365=FACE_BOUND('',#1253,.T.);
#1366=FACE_BOUND('',#1254,.T.);
#1367=FACE_BOUND('',#1255,.T.);
#1368=FACE_BOUND('',#1256,.T.);
#1369=FACE_BOUND('',#1257,.T.);
#1370=FACE_BOUND('',#1258,.T.);
#1371=FACE_BOUND('',#1259,.T.);
#1372=FACE_BOUND('',#1260,.T.);
#1373=FACE_BOUND('',#1261,.T.);
#1374=FACE_BOUND('',#1262,.T.);
#1375=FACE_BOUND('',#1263,.T.);
#1376=FACE_BOUND('',#1264,.T.);
#1377=FACE_BOUND('',#1265,.T.);
#1378=FACE_BOUND('',#1266,.T.);
#1379=FACE_BOUND('',#1267,.T.);
#1380=FACE_BOUND('',#1268,.T.);
#1381=FACE_BOUND('',#1269,.T.);
#1382=PLANE('',#1612);
#1383=PLANE('',#1621);
#1384=PLANE('',#1626);
#1385=PLANE('',#1629);
#1386=PLANE('',#1638);
#1387=PLANE('',#1653);
#1388=PLANE('',#1658);
#1389=PLANE('',#1661);
#1390=PLANE('',#1664);
#1391=PLANE('',#1667);
#1392=PLANE('',#1670);
#1393=PLANE('',#1678);
#1394=PLANE('',#1682);
#1395=PLANE('',#1686);
#1396=PLANE('',#1690);
#1397=PLANE('',#1695);
#1398=PLANE('',#1698);
#1399=PLANE('',#1699);
#1400=PLANE('',#1700);
#1401=PLANE('',#1703);
#1402=PLANE('',#1706);
#1403=PLANE('',#1709);
#1404=PLANE('',#1712);
#1405=PLANE('',#1713);
#1406=PLANE('',#1716);
#1407=PLANE('',#1719);
#1408=PLANE('',#1722);
#1409=PLANE('',#1725);
#1410=PLANE('',#1726);
#1411=PLANE('',#1729);
#1412=PLANE('',#1732);
#1413=PLANE('',#1735);
#1414=PLANE('',#1738);
#1415=PLANE('',#1739);
#1416=PLANE('',#1742);
#1417=PLANE('',#1745);
#1418=PLANE('',#1748);
#1419=PLANE('',#1751);
#1420=PLANE('',#1752);
#1421=PLANE('',#1755);
#1422=PLANE('',#1758);
#1423=PLANE('',#1761);
#1424=PLANE('',#1764);
#1425=PLANE('',#1765);
#1426=PLANE('',#1768);
#1427=PLANE('',#1771);
#1428=PLANE('',#1774);
#1429=PLANE('',#1777);
#1430=PLANE('',#1780);
#1431=OVER_RIDING_STYLED_ITEM('',(#1534),#1442,#1532);
#1432=OVER_RIDING_STYLED_ITEM('',(#1535),#1468,#1532);
#1433=OVER_RIDING_STYLED_ITEM('',(#1536),#1471,#1532);
#1434=OVER_RIDING_STYLED_ITEM('',(#1537),#1473,#1532);
#1435=OVER_RIDING_STYLED_ITEM('',(#1538),#1474,#1532);
#1436=OVER_RIDING_STYLED_ITEM('',(#1539),#1483,#1532);
#1437=OVER_RIDING_STYLED_ITEM('',(#1540),#1492,#1532);
#1438=OVER_RIDING_STYLED_ITEM('',(#1541),#1501,#1532);
#1439=OVER_RIDING_STYLED_ITEM('',(#1542),#1519,#1532);
#1440=OVER_RIDING_STYLED_ITEM('',(#1543),#1528,#1532);
#1441=OVER_RIDING_STYLED_ITEM('',(#1544),#1530,#1532);
#1442=ADVANCED_FACE('Face appearance 11',(#1270,#1271),#1382,.F.);
#1443=ADVANCED_FACE('',(#1272,#1273),#1383,.F.);
#1444=ADVANCED_FACE('',(#1274),#1384,.F.);
#1445=ADVANCED_FACE('',(#1275),#14,.T.);
#1446=ADVANCED_FACE('',(#1276,#1277),#1385,.F.);
#1447=ADVANCED_FACE('',(#1278),#15,.T.);
#1448=ADVANCED_FACE('',(#1279),#16,.T.);
#1449=ADVANCED_FACE('',(#1280,#1281,#1282,#1283),#1386,.F.);
#1450=ADVANCED_FACE('',(#1284),#17,.T.);
#1451=ADVANCED_FACE('',(#1285,#1286),#1387,.T.);
#1452=ADVANCED_FACE('',(#1287),#1388,.F.);
#1453=ADVANCED_FACE('',(#1288),#18,.T.);
#1454=ADVANCED_FACE('',(#1289),#1389,.F.);
#1455=ADVANCED_FACE('',(#1290),#19,.T.);
#1456=ADVANCED_FACE('',(#1291),#1390,.F.);
#1457=ADVANCED_FACE('',(#1292),#20,.T.);
#1458=ADVANCED_FACE('',(#1293),#1391,.F.);
#1459=ADVANCED_FACE('',(#1294),#21,.T.);
#1460=ADVANCED_FACE('',(#1295,#1296,#1297,#1298,#1299,#1300),#1392,.T.);
#1461=ADVANCED_FACE('',(#1301,#1302),#22,.T.);
#1462=ADVANCED_FACE('',(#1303,#1304),#1393,.T.);
#1463=ADVANCED_FACE('',(#1305,#1306),#23,.T.);
#1464=ADVANCED_FACE('',(#1307,#1308),#1394,.T.);
#1465=ADVANCED_FACE('',(#1309,#1310),#24,.T.);
#1466=ADVANCED_FACE('',(#1311,#1312),#1395,.T.);
#1467=ADVANCED_FACE('',(#1313,#1314),#25,.T.);
#1468=ADVANCED_FACE('Face appearance 1',(#1315),#1396,.T.);
#1469=ADVANCED_FACE('',(#1316,#1317),#26,.T.);
#1470=ADVANCED_FACE('',(#1318,#1319),#27,.T.);
#1471=ADVANCED_FACE('Face appearance 2',(#1320),#1397,.T.);
#1472=ADVANCED_FACE('',(#1321,#1322),#28,.T.);
#1473=ADVANCED_FACE('Face appearance 3',(#1323),#1398,.T.);
#1474=ADVANCED_FACE('Face appearance 3',(#1324),#1399,.T.);
#1475=ADVANCED_FACE('',(#1325),#1400,.F.);
#1476=ADVANCED_FACE('',(#1326),#29,.T.);
#1477=ADVANCED_FACE('',(#1327),#1401,.F.);
#1478=ADVANCED_FACE('',(#1328),#30,.T.);
#1479=ADVANCED_FACE('',(#1329),#1402,.F.);
#1480=ADVANCED_FACE('',(#1330),#31,.T.);
#1481=ADVANCED_FACE('',(#1331),#1403,.F.);
#1482=ADVANCED_FACE('',(#1332),#32,.T.);
#1483=ADVANCED_FACE('Face appearance 8',(#1333),#1404,.T.);
#1484=ADVANCED_FACE('',(#1334),#1405,.F.);
#1485=ADVANCED_FACE('',(#1335),#33,.T.);
#1486=ADVANCED_FACE('',(#1336),#1406,.F.);
#1487=ADVANCED_FACE('',(#1337),#34,.T.);
#1488=ADVANCED_FACE('',(#1338),#1407,.F.);
#1489=ADVANCED_FACE('',(#1339),#35,.T.);
#1490=ADVANCED_FACE('',(#1340),#1408,.F.);
#1491=ADVANCED_FACE('',(#1341),#36,.T.);
#1492=ADVANCED_FACE('Face appearance 8',(#1342),#1409,.T.);
#1493=ADVANCED_FACE('',(#1343),#1410,.F.);
#1494=ADVANCED_FACE('',(#1344),#37,.T.);
#1495=ADVANCED_FACE('',(#1345),#1411,.F.);
#1496=ADVANCED_FACE('',(#1346),#38,.T.);
#1497=ADVANCED_FACE('',(#1347),#1412,.F.);
#1498=ADVANCED_FACE('',(#1348),#39,.T.);
#1499=ADVANCED_FACE('',(#1349),#1413,.F.);
#1500=ADVANCED_FACE('',(#1350),#40,.T.);
#1501=ADVANCED_FACE('Face appearance 8',(#1351),#1414,.T.);
#1502=ADVANCED_FACE('',(#1352),#1415,.T.);
#1503=ADVANCED_FACE('',(#1353),#41,.F.);
#1504=ADVANCED_FACE('',(#1354),#1416,.T.);
#1505=ADVANCED_FACE('',(#1355),#42,.F.);
#1506=ADVANCED_FACE('',(#1356),#1417,.T.);
#1507=ADVANCED_FACE('',(#1357),#43,.F.);
#1508=ADVANCED_FACE('',(#1358),#1418,.T.);
#1509=ADVANCED_FACE('',(#1359),#44,.F.);
#1510=ADVANCED_FACE('',(#1360),#1419,.T.);
#1511=ADVANCED_FACE('',(#1361),#1420,.F.);
#1512=ADVANCED_FACE('',(#1362),#45,.T.);
#1513=ADVANCED_FACE('',(#1363),#1421,.F.);
#1514=ADVANCED_FACE('',(#1364),#46,.T.);
#1515=ADVANCED_FACE('',(#1365),#1422,.F.);
#1516=ADVANCED_FACE('',(#1366),#47,.T.);
#1517=ADVANCED_FACE('',(#1367),#1423,.F.);
#1518=ADVANCED_FACE('',(#1368),#48,.T.);
#1519=ADVANCED_FACE('Face appearance 8',(#1369),#1424,.T.);
#1520=ADVANCED_FACE('',(#1370),#1425,.T.);
#1521=ADVANCED_FACE('',(#1371),#49,.T.);
#1522=ADVANCED_FACE('',(#1372),#1426,.T.);
#1523=ADVANCED_FACE('',(#1373),#50,.T.);
#1524=ADVANCED_FACE('',(#1374),#1427,.T.);
#1525=ADVANCED_FACE('',(#1375),#51,.T.);
#1526=ADVANCED_FACE('',(#1376),#1428,.T.);
#1527=ADVANCED_FACE('',(#1377),#52,.T.);
#1528=ADVANCED_FACE('Face appearance 9',(#1378),#1429,.T.);
#1529=ADVANCED_FACE('',(#1379,#1380),#53,.T.);
#1530=ADVANCED_FACE('Face appearance 10',(#1381),#1430,.T.);
#1531=CLOSED_SHELL('',(#1442,#1443,#1444,#1445,#1446,#1447,#1448,#1449,
#1450,#1451,#1452,#1453,#1454,#1455,#1456,#1457,#1458,#1459,#1460,#1461,
#1462,#1463,#1464,#1465,#1466,#1467,#1468,#1469,#1470,#1471,#1472,#1473,
#1474,#1475,#1476,#1477,#1478,#1479,#1480,#1481,#1482,#1483,#1484,#1485,
#1486,#1487,#1488,#1489,#1490,#1491,#1492,#1493,#1494,#1495,#1496,#1497,
#1498,#1499,#1500,#1501,#1502,#1503,#1504,#1505,#1506,#1507,#1508,#1509,
#1510,#1511,#1512,#1513,#1514,#1515,#1516,#1517,#1518,#1519,#1520,#1521,
#1522,#1523,#1524,#1525,#1526,#1527,#1528,#1529,#1530));
#1532=STYLED_ITEM('',(#1533),#1608);
#1533=PRESENTATION_STYLE_ASSIGNMENT((#1545));
#1534=PRESENTATION_STYLE_ASSIGNMENT((#1546));
#1535=PRESENTATION_STYLE_ASSIGNMENT((#1547));
#1536=PRESENTATION_STYLE_ASSIGNMENT((#1548));
#1537=PRESENTATION_STYLE_ASSIGNMENT((#1549));
#1538=PRESENTATION_STYLE_ASSIGNMENT((#1550));
#1539=PRESENTATION_STYLE_ASSIGNMENT((#1551));
#1540=PRESENTATION_STYLE_ASSIGNMENT((#1552));
#1541=PRESENTATION_STYLE_ASSIGNMENT((#1553));
#1542=PRESENTATION_STYLE_ASSIGNMENT((#1554));
#1543=PRESENTATION_STYLE_ASSIGNMENT((#1555));
#1544=PRESENTATION_STYLE_ASSIGNMENT((#1556));
#1545=SURFACE_STYLE_USAGE(.BOTH.,#1557);
#1546=SURFACE_STYLE_USAGE(.BOTH.,#1558);
#1547=SURFACE_STYLE_USAGE(.BOTH.,#1559);
#1548=SURFACE_STYLE_USAGE(.BOTH.,#1560);
#1549=SURFACE_STYLE_USAGE(.BOTH.,#1561);
#1550=SURFACE_STYLE_USAGE(.BOTH.,#1562);
#1551=SURFACE_STYLE_USAGE(.BOTH.,#1563);
#1552=SURFACE_STYLE_USAGE(.BOTH.,#1564);
#1553=SURFACE_STYLE_USAGE(.BOTH.,#1565);
#1554=SURFACE_STYLE_USAGE(.BOTH.,#1566);
#1555=SURFACE_STYLE_USAGE(.BOTH.,#1567);
#1556=SURFACE_STYLE_USAGE(.BOTH.,#1568);
#1557=SURFACE_SIDE_STYLE('',(#1569));
#1558=SURFACE_SIDE_STYLE('',(#1570));
#1559=SURFACE_SIDE_STYLE('',(#1571));
#1560=SURFACE_SIDE_STYLE('',(#1572));
#1561=SURFACE_SIDE_STYLE('',(#1573));
#1562=SURFACE_SIDE_STYLE('',(#1574));
#1563=SURFACE_SIDE_STYLE('',(#1575));
#1564=SURFACE_SIDE_STYLE('',(#1576));
#1565=SURFACE_SIDE_STYLE('',(#1577));
#1566=SURFACE_SIDE_STYLE('',(#1578));
#1567=SURFACE_SIDE_STYLE('',(#1579));
#1568=SURFACE_SIDE_STYLE('',(#1580));
#1569=SURFACE_STYLE_FILL_AREA(#1581);
#1570=SURFACE_STYLE_FILL_AREA(#1582);
#1571=SURFACE_STYLE_FILL_AREA(#1583);
#1572=SURFACE_STYLE_FILL_AREA(#1584);
#1573=SURFACE_STYLE_FILL_AREA(#1585);
#1574=SURFACE_STYLE_FILL_AREA(#1586);
#1575=SURFACE_STYLE_FILL_AREA(#1587);
#1576=SURFACE_STYLE_FILL_AREA(#1588);
#1577=SURFACE_STYLE_FILL_AREA(#1589);
#1578=SURFACE_STYLE_FILL_AREA(#1590);
#1579=SURFACE_STYLE_FILL_AREA(#1591);
#1580=SURFACE_STYLE_FILL_AREA(#1592);
#1581=FILL_AREA_STYLE('',(#1593));
#1582=FILL_AREA_STYLE('',(#1594));
#1583=FILL_AREA_STYLE('',(#1595));
#1584=FILL_AREA_STYLE('',(#1596));
#1585=FILL_AREA_STYLE('',(#1597));
#1586=FILL_AREA_STYLE('',(#1598));
#1587=FILL_AREA_STYLE('',(#1599));
#1588=FILL_AREA_STYLE('',(#1600));
#1589=FILL_AREA_STYLE('',(#1601));
#1590=FILL_AREA_STYLE('',(#1602));
#1591=FILL_AREA_STYLE('',(#1603));
#1592=FILL_AREA_STYLE('',(#1604));
#1593=FILL_AREA_STYLE_COLOUR('',#1605);
#1594=FILL_AREA_STYLE_COLOUR('',#1606);
#1595=FILL_AREA_STYLE_COLOUR('',#12);
#1596=FILL_AREA_STYLE_COLOUR('',#13);
#1597=FILL_AREA_STYLE_COLOUR('',#13);
#1598=FILL_AREA_STYLE_COLOUR('',#13);
#1599=FILL_AREA_STYLE_COLOUR('',#1607);
#1600=FILL_AREA_STYLE_COLOUR('',#1607);
#1601=FILL_AREA_STYLE_COLOUR('',#1607);
#1602=FILL_AREA_STYLE_COLOUR('',#1607);
#1603=FILL_AREA_STYLE_COLOUR('',#13);
#1604=FILL_AREA_STYLE_COLOUR('',#13);
#1605=COLOUR_RGB('',0.498039215686275,0.498039215686275,0.498039215686275);
#1606=COLOUR_RGB('',0.768627450980392,0.886274509803922,0.952941176470588);
#1607=COLOUR_RGB('',0.380392156862745,0.329411764705883,0.329411764705883);
#1608=MANIFOLD_SOLID_BREP('Part 1',#1531);
#1609=SHAPE_DEFINITION_REPRESENTATION(#2697,#1610);
#1610=SHAPE_REPRESENTATION('Part 1',(#1611),#2692);
#1611=AXIS2_PLACEMENT_3D('',#2249,#1781,#1782);
#1612=AXIS2_PLACEMENT_3D('',#2250,#1783,#1784);
#1613=AXIS2_PLACEMENT_3D('',#2254,#1786,#1787);
#1614=AXIS2_PLACEMENT_3D('',#2258,#1789,#1790);
#1615=AXIS2_PLACEMENT_3D('',#2262,#1792,#1793);
#1616=AXIS2_PLACEMENT_3D('',#2266,#1795,#1796);
#1617=AXIS2_PLACEMENT_3D('',#2267,#1797,#1798);
#1618=AXIS2_PLACEMENT_3D('',#2272,#1800,#1801);
#1619=AXIS2_PLACEMENT_3D('',#2276,#1803,#1804);
#1620=AXIS2_PLACEMENT_3D('',#2280,#1806,#1807);
#1621=AXIS2_PLACEMENT_3D('',#2283,#1809,#1810);
#1622=AXIS2_PLACEMENT_3D('',#2289,#1814,#1815);
#1623=AXIS2_PLACEMENT_3D('',#2294,#1817,#1818);
#1624=AXIS2_PLACEMENT_3D('',#2298,#1820,#1821);
#1625=AXIS2_PLACEMENT_3D('',#2302,#1823,#1824);
#1626=AXIS2_PLACEMENT_3D('',#2305,#1826,#1827);
#1627=AXIS2_PLACEMENT_3D('',#2311,#1831,#1832);
#1628=AXIS2_PLACEMENT_3D('',#2314,#1834,#1835);
#1629=AXIS2_PLACEMENT_3D('',#2315,#1836,#1837);
#1630=AXIS2_PLACEMENT_3D('',#2319,#1839,#1840);
#1631=AXIS2_PLACEMENT_3D('',#2323,#1842,#1843);
#1632=AXIS2_PLACEMENT_3D('',#2327,#1845,#1846);
#1633=AXIS2_PLACEMENT_3D('',#2331,#1848,#1849);
#1634=AXIS2_PLACEMENT_3D('',#2335,#1852,#1853);
#1635=AXIS2_PLACEMENT_3D('',#2336,#1854,#1855);
#1636=AXIS2_PLACEMENT_3D('',#2337,#1856,#1857);
#1637=AXIS2_PLACEMENT_3D('',#2340,#1859,#1860);
#1638=AXIS2_PLACEMENT_3D('',#2341,#1861,#1862);
#1639=AXIS2_PLACEMENT_3D('',#2345,#1864,#1865);
#1640=AXIS2_PLACEMENT_3D('',#2349,#1867,#1868);
#1641=AXIS2_PLACEMENT_3D('',#2353,#1870,#1871);
#1642=AXIS2_PLACEMENT_3D('',#2357,#1873,#1874);
#1643=AXIS2_PLACEMENT_3D('',#2361,#1876,#1877);
#1644=AXIS2_PLACEMENT_3D('',#2365,#1879,#1880);
#1645=AXIS2_PLACEMENT_3D('',#2369,#1882,#1883);
#1646=AXIS2_PLACEMENT_3D('',#2373,#1885,#1886);
#1647=AXIS2_PLACEMENT_3D('',#2377,#1888,#1889);
#1648=AXIS2_PLACEMENT_3D('',#2381,#1891,#1892);
#1649=AXIS2_PLACEMENT_3D('',#2385,#1894,#1895);
#1650=AXIS2_PLACEMENT_3D('',#2389,#1897,#1898);
#1651=AXIS2_PLACEMENT_3D('',#2393,#1901,#1902);
#1652=AXIS2_PLACEMENT_3D('',#2394,#1903,#1904);
#1653=AXIS2_PLACEMENT_3D('',#2395,#1905,#1906);
#1654=AXIS2_PLACEMENT_3D('',#2399,#1908,#1909);
#1655=AXIS2_PLACEMENT_3D('',#2403,#1911,#1912);
#1656=AXIS2_PLACEMENT_3D('',#2407,#1914,#1915);
#1657=AXIS2_PLACEMENT_3D('',#2411,#1917,#1918);
#1658=AXIS2_PLACEMENT_3D('',#2412,#1919,#1920);
#1659=AXIS2_PLACEMENT_3D('',#2418,#1924,#1925);
#1660=AXIS2_PLACEMENT_3D('',#2421,#1927,#1928);
#1661=AXIS2_PLACEMENT_3D('',#2422,#1929,#1930);
#1662=AXIS2_PLACEMENT_3D('',#2426,#1933,#1934);
#1663=AXIS2_PLACEMENT_3D('',#2429,#1936,#1937);
#1664=AXIS2_PLACEMENT_3D('',#2430,#1938,#1939);
#1665=AXIS2_PLACEMENT_3D('',#2434,#1942,#1943);
#1666=AXIS2_PLACEMENT_3D('',#2437,#1945,#1946);
#1667=AXIS2_PLACEMENT_3D('',#2438,#1947,#1948);
#1668=AXIS2_PLACEMENT_3D('',#2442,#1951,#1952);
#1669=AXIS2_PLACEMENT_3D('',#2443,#1953,#1954);
#1670=AXIS2_PLACEMENT_3D('',#2444,#1955,#1956);
#1671=AXIS2_PLACEMENT_3D('',#2445,#1957,#1958);
#1672=AXIS2_PLACEMENT_3D('',#2447,#1959,#1960);
#1673=AXIS2_PLACEMENT_3D('',#2449,#1961,#1962);
#1674=AXIS2_PLACEMENT_3D('',#2451,#1963,#1964);
#1675=AXIS2_PLACEMENT_3D('',#2453,#1965,#1966);
#1676=AXIS2_PLACEMENT_3D('',#2455,#1967,#1968);
#1677=AXIS2_PLACEMENT_3D('',#2456,#1969,#1970);
#1678=AXIS2_PLACEMENT_3D('',#2458,#1971,#1972);
#1679=AXIS2_PLACEMENT_3D('',#2459,#1973,#1974);
#1680=AXIS2_PLACEMENT_3D('',#2461,#1975,#1976);
#1681=AXIS2_PLACEMENT_3D('',#2462,#1977,#1978);
#1682=AXIS2_PLACEMENT_3D('',#2464,#1979,#1980);
#1683=AXIS2_PLACEMENT_3D('',#2465,#1981,#1982);
#1684=AXIS2_PLACEMENT_3D('',#2467,#1983,#1984);
#1685=AXIS2_PLACEMENT_3D('',#2468,#1985,#1986);
#1686=AXIS2_PLACEMENT_3D('',#2470,#1987,#1988);
#1687=AXIS2_PLACEMENT_3D('',#2471,#1989,#1990);
#1688=AXIS2_PLACEMENT_3D('',#2473,#1991,#1992);
#1689=AXIS2_PLACEMENT_3D('',#2474,#1993,#1994);
#1690=AXIS2_PLACEMENT_3D('',#2476,#1995,#1996);
#1691=AXIS2_PLACEMENT_3D('',#2477,#1997,#1998);
#1692=AXIS2_PLACEMENT_3D('',#2478,#1999,#2000);
#1693=AXIS2_PLACEMENT_3D('',#2480,#2001,#2002);
#1694=AXIS2_PLACEMENT_3D('',#2481,#2003,#2004);
#1695=AXIS2_PLACEMENT_3D('',#2483,#2005,#2006);
#1696=AXIS2_PLACEMENT_3D('',#2484,#2007,#2008);
#1697=AXIS2_PLACEMENT_3D('',#2485,#2009,#2010);
#1698=AXIS2_PLACEMENT_3D('',#2487,#2011,#2012);
#1699=AXIS2_PLACEMENT_3D('',#2488,#2013,#2014);
#1700=AXIS2_PLACEMENT_3D('',#2489,#2015,#2016);
#1701=AXIS2_PLACEMENT_3D('',#2495,#2020,#2021);
#1702=AXIS2_PLACEMENT_3D('',#2498,#2023,#2024);
#1703=AXIS2_PLACEMENT_3D('',#2499,#2025,#2026);
#1704=AXIS2_PLACEMENT_3D('',#2503,#2029,#2030);
#1705=AXIS2_PLACEMENT_3D('',#2506,#2032,#2033);
#1706=AXIS2_PLACEMENT_3D('',#2507,#2034,#2035);
#1707=AXIS2_PLACEMENT_3D('',#2511,#2038,#2039);
#1708=AXIS2_PLACEMENT_3D('',#2514,#2041,#2042);
#1709=AXIS2_PLACEMENT_3D('',#2515,#2043,#2044);
#1710=AXIS2_PLACEMENT_3D('',#2519,#2047,#2048);
#1711=AXIS2_PLACEMENT_3D('',#2520,#2049,#2050);
#1712=AXIS2_PLACEMENT_3D('',#2521,#2051,#2052);
#1713=AXIS2_PLACEMENT_3D('',#2522,#2053,#2054);
#1714=AXIS2_PLACEMENT_3D('',#2528,#2058,#2059);
#1715=AXIS2_PLACEMENT_3D('',#2531,#2061,#2062);
#1716=AXIS2_PLACEMENT_3D('',#2532,#2063,#2064);
#1717=AXIS2_PLACEMENT_3D('',#2536,#2067,#2068);
#1718=AXIS2_PLACEMENT_3D('',#2539,#2070,#2071);
#1719=AXIS2_PLACEMENT_3D('',#2540,#2072,#2073);
#1720=AXIS2_PLACEMENT_3D('',#2544,#2076,#2077);
#1721=AXIS2_PLACEMENT_3D('',#2547,#2079,#2080);
#1722=AXIS2_PLACEMENT_3D('',#2548,#2081,#2082);
#1723=AXIS2_PLACEMENT_3D('',#2552,#2085,#2086);
#1724=AXIS2_PLACEMENT_3D('',#2553,#2087,#2088);
#1725=AXIS2_PLACEMENT_3D('',#2554,#2089,#2090);
#1726=AXIS2_PLACEMENT_3D('',#2555,#2091,#2092);
#1727=AXIS2_PLACEMENT_3D('',#2561,#2096,#2097);
#1728=AXIS2_PLACEMENT_3D('',#2564,#2099,#2100);
#1729=AXIS2_PLACEMENT_3D('',#2565,#2101,#2102);
#1730=AXIS2_PLACEMENT_3D('',#2569,#2105,#2106);
#1731=AXIS2_PLACEMENT_3D('',#2572,#2108,#2109);
#1732=AXIS2_PLACEMENT_3D('',#2573,#2110,#2111);
#1733=AXIS2_PLACEMENT_3D('',#2577,#2114,#2115);
#1734=AXIS2_PLACEMENT_3D('',#2580,#2117,#2118);
#1735=AXIS2_PLACEMENT_3D('',#2581,#2119,#2120);
#1736=AXIS2_PLACEMENT_3D('',#2585,#2123,#2124);
#1737=AXIS2_PLACEMENT_3D('',#2586,#2125,#2126);
#1738=AXIS2_PLACEMENT_3D('',#2587,#2127,#2128);
#1739=AXIS2_PLACEMENT_3D('',#2588,#2129,#2130);
#1740=AXIS2_PLACEMENT_3D('',#2594,#2134,#2135);
#1741=AXIS2_PLACEMENT_3D('',#2597,#2137,#2138);
#1742=AXIS2_PLACEMENT_3D('',#2598,#2139,#2140);
#1743=AXIS2_PLACEMENT_3D('',#2602,#2143,#2144);
#1744=AXIS2_PLACEMENT_3D('',#2605,#2146,#2147);
#1745=AXIS2_PLACEMENT_3D('',#2606,#2148,#2149);
#1746=AXIS2_PLACEMENT_3D('',#2610,#2152,#2153);
#1747=AXIS2_PLACEMENT_3D('',#2613,#2155,#2156);
#1748=AXIS2_PLACEMENT_3D('',#2614,#2157,#2158);
#1749=AXIS2_PLACEMENT_3D('',#2618,#2161,#2162);
#1750=AXIS2_PLACEMENT_3D('',#2619,#2163,#2164);
#1751=AXIS2_PLACEMENT_3D('',#2620,#2165,#2166);
#1752=AXIS2_PLACEMENT_3D('',#2621,#2167,#2168);
#1753=AXIS2_PLACEMENT_3D('',#2627,#2172,#2173);
#1754=AXIS2_PLACEMENT_3D('',#2630,#2175,#2176);
#1755=AXIS2_PLACEMENT_3D('',#2631,#2177,#2178);
#1756=AXIS2_PLACEMENT_3D('',#2635,#2181,#2182);
#1757=AXIS2_PLACEMENT_3D('',#2638,#2184,#2185);
#1758=AXIS2_PLACEMENT_3D('',#2639,#2186,#2187);
#1759=AXIS2_PLACEMENT_3D('',#2643,#2190,#2191);
#1760=AXIS2_PLACEMENT_3D('',#2646,#2193,#2194);
#1761=AXIS2_PLACEMENT_3D('',#2647,#2195,#2196);
#1762=AXIS2_PLACEMENT_3D('',#2651,#2199,#2200);
#1763=AXIS2_PLACEMENT_3D('',#2652,#2201,#2202);
#1764=AXIS2_PLACEMENT_3D('',#2653,#2203,#2204);
#1765=AXIS2_PLACEMENT_3D('',#2654,#2205,#2206);
#1766=AXIS2_PLACEMENT_3D('',#2660,#2210,#2211);
#1767=AXIS2_PLACEMENT_3D('',#2663,#2213,#2214);
#1768=AXIS2_PLACEMENT_3D('',#2664,#2215,#2216);
#1769=AXIS2_PLACEMENT_3D('',#2668,#2219,#2220);
#1770=AXIS2_PLACEMENT_3D('',#2671,#2222,#2223);
#1771=AXIS2_PLACEMENT_3D('',#2672,#2224,#2225);
#1772=AXIS2_PLACEMENT_3D('',#2676,#2228,#2229);
#1773=AXIS2_PLACEMENT_3D('',#2679,#2231,#2232);
#1774=AXIS2_PLACEMENT_3D('',#2680,#2233,#2234);
#1775=AXIS2_PLACEMENT_3D('',#2684,#2237,#2238);
#1776=AXIS2_PLACEMENT_3D('',#2685,#2239,#2240);
#1777=AXIS2_PLACEMENT_3D('',#2686,#2241,#2242);
#1778=AXIS2_PLACEMENT_3D('',#2687,#2243,#2244);
#1779=AXIS2_PLACEMENT_3D('',#2688,#2245,#2246);
#1780=AXIS2_PLACEMENT_3D('',#2690,#2247,#2248);
#1781=DIRECTION('',(0.,0.,1.));
#1782=DIRECTION('',(1.,0.,0.));
#1783=DIRECTION('',(0.,-1.,0.));
#1784=DIRECTION('',(1.,0.,0.));
#1785=DIRECTION('',(-1.,0.,0.));
#1786=DIRECTION('',(0.,-1.,0.));
#1787=DIRECTION('',(0.,0.,-1.));
#1788=DIRECTION('',(0.,0.,1.));
#1789=DIRECTION('',(0.,-1.,0.));
#1790=DIRECTION('',(0.,0.,-1.));
#1791=DIRECTION('',(1.,0.,0.));
#1792=DIRECTION('',(0.,-1.,0.));
#1793=DIRECTION('',(0.,0.,-1.));
#1794=DIRECTION('',(1.51769332981348E-16,0.,-1.));
#1795=DIRECTION('',(0.,-1.,0.));
#1796=DIRECTION('',(0.,0.,-1.));
#1797=DIRECTION('',(0.,1.,0.));
#1798=DIRECTION('',(0.,0.,1.));
#1799=DIRECTION('',(-1.,0.,0.));
#1800=DIRECTION('',(0.,1.,0.));
#1801=DIRECTION('',(0.,0.,1.));
#1802=DIRECTION('',(0.,0.,-1.));
#1803=DIRECTION('',(0.,1.,0.));
#1804=DIRECTION('',(0.,0.,1.));
#1805=DIRECTION('',(1.,0.,0.));
#1806=DIRECTION('',(0.,1.,0.));
#1807=DIRECTION('',(0.,0.,1.));
#1808=DIRECTION('',(2.44642041751423E-8,0.,1.));
#1809=DIRECTION('',(0.,0.,1.));
#1810=DIRECTION('',(1.,0.,0.));
#1811=DIRECTION('',(0.,1.,0.));
#1812=DIRECTION('',(1.,0.,0.));
#1813=DIRECTION('',(0.,1.,0.));
#1814=DIRECTION('',(0.,0.,-1.));
#1815=DIRECTION('',(-1.,0.,0.));
#1816=DIRECTION('',(1.,-2.36074500271899E-16,0.));
#1817=DIRECTION('',(0.,0.,-1.));
#1818=DIRECTION('',(-1.,0.,0.));
#1819=DIRECTION('',(0.,1.,0.));
#1820=DIRECTION('',(0.,0.,-1.));
#1821=DIRECTION('',(-1.,0.,0.));
#1822=DIRECTION('',(-1.,1.41644700163139E-15,0.));
#1823=DIRECTION('',(0.,0.,-1.));
#1824=DIRECTION('',(-1.,0.,0.));
#1825=DIRECTION('',(0.,-1.,0.));
#1826=DIRECTION('',(0.,0.,-1.));
#1827=DIRECTION('',(-1.,0.,0.));
#1828=DIRECTION('',(0.,1.,0.));
#1829=DIRECTION('',(-1.,0.,0.));
#1830=DIRECTION('',(0.,1.,0.));
#1831=DIRECTION('',(0.,1.,0.));
#1832=DIRECTION('',(0.,0.,1.));
#1833=DIRECTION('',(0.,1.,0.));
#1834=DIRECTION('',(0.,-1.,0.));
#1835=DIRECTION('',(0.,0.,-1.));
#1836=DIRECTION('',(1.,0.,1.51769332981348E-16));
#1837=DIRECTION('',(1.51769332981348E-16,0.,-1.));
#1838=DIRECTION('',(-1.51769332981348E-16,0.,1.));
#1839=DIRECTION('',(-1.,0.,-1.51769332981348E-16));
#1840=DIRECTION('',(-1.51769332981348E-16,0.,1.));
#1841=DIRECTION('',(0.,-1.,0.));
#1842=DIRECTION('',(-1.,0.,-1.51769332981348E-16));
#1843=DIRECTION('',(-1.51769332981348E-16,0.,1.));
#1844=DIRECTION('',(1.51769332981348E-16,0.,-1.));
#1845=DIRECTION('',(-1.,0.,-1.51769332981348E-16));
#1846=DIRECTION('',(-1.51769332981348E-16,0.,1.));
#1847=DIRECTION('',(0.,1.,0.));
#1848=DIRECTION('',(-1.,0.,-1.51769332981348E-16));
#1849=DIRECTION('',(-1.51769332981348E-16,0.,1.));
#1850=DIRECTION('',(0.,1.,0.));
#1851=DIRECTION('',(1.51769332981348E-16,0.,-1.));
#1852=DIRECTION('',(0.,1.,0.));
#1853=DIRECTION('',(0.,0.,1.));
#1854=DIRECTION('',(0.,-1.,0.));
#1855=DIRECTION('',(0.,0.,-1.));
#1856=DIRECTION('',(0.,1.,0.));
#1857=DIRECTION('',(0.,0.,1.));
#1858=DIRECTION('',(0.,1.,0.));
#1859=DIRECTION('',(0.,-1.,0.));
#1860=DIRECTION('',(0.,0.,-1.));
#1861=DIRECTION('',(-1.,0.,0.));
#1862=DIRECTION('',(0.,0.,1.));
#1863=DIRECTION('',(0.,0.,1.));
#1864=DIRECTION('',(1.,0.,0.));
#1865=DIRECTION('',(0.,0.,-1.));
#1866=DIRECTION('',(0.,1.,0.));
#1867=DIRECTION('',(1.,0.,0.));
#1868=DIRECTION('',(0.,0.,-1.));
#1869=DIRECTION('',(0.,0.,-1.));
#1870=DIRECTION('',(1.,0.,0.));
#1871=DIRECTION('',(0.,0.,-1.));
#1872=DIRECTION('',(0.,-1.,0.));
#1873=DIRECTION('',(1.,0.,0.));
#1874=DIRECTION('',(0.,0.,-1.));
#1875=DIRECTION('',(0.,-1.,0.));
#1876=DIRECTION('',(1.,0.,0.));
#1877=DIRECTION('',(0.,0.,-1.));
#1878=DIRECTION('',(0.,5.42551257668039E-7,0.999999999999853));
#1879=DIRECTION('',(1.,0.,0.));
#1880=DIRECTION('',(0.,0.,-1.));
#1881=DIRECTION('',(0.,1.,0.));
#1882=DIRECTION('',(1.,0.,0.));
#1883=DIRECTION('',(0.,0.,-1.));
#1884=DIRECTION('',(0.,0.,-1.));
#1885=DIRECTION('',(1.,0.,0.));
#1886=DIRECTION('',(0.,0.,-1.));
#1887=DIRECTION('',(0.,-0.999999999997408,2.27681429483568E-6));
#1888=DIRECTION('',(1.,0.,0.));
#1889=DIRECTION('',(0.,0.,-1.));
#1890=DIRECTION('',(0.,-2.93343681274693E-16,1.));
#1891=DIRECTION('',(1.,0.,0.));
#1892=DIRECTION('',(0.,0.,-1.));
#1893=DIRECTION('',(0.,1.,0.));
#1894=DIRECTION('',(1.,0.,0.));
#1895=DIRECTION('',(0.,0.,-1.));
#1896=DIRECTION('',(0.,0.,-1.));
#1897=DIRECTION('',(1.,0.,0.));
#1898=DIRECTION('',(0.,0.,-1.));
#1899=DIRECTION('',(0.,1.,0.));
#1900=DIRECTION('',(0.,0.,1.));
#1901=DIRECTION('',(0.,1.,0.));
#1902=DIRECTION('',(0.,0.,1.));
#1903=DIRECTION('',(0.,-1.,0.));
#1904=DIRECTION('',(0.,0.,-1.));
#1905=DIRECTION('',(0.,-1.,0.));
#1906=DIRECTION('',(1.,0.,0.));
#1907=DIRECTION('',(-4.96699635211684E-16,0.,1.));
#1908=DIRECTION('',(0.,-1.,0.));
#1909=DIRECTION('',(0.,0.,-1.));
#1910=DIRECTION('',(1.,0.,2.48349817605842E-16));
#1911=DIRECTION('',(0.,-1.,0.));
#1912=DIRECTION('',(0.,0.,-1.));
#1913=DIRECTION('',(0.,0.,-1.));
#1914=DIRECTION('',(0.,-1.,0.));
#1915=DIRECTION('',(0.,0.,-1.));
#1916=DIRECTION('',(-1.,0.,-9.93399270423369E-16));
#1917=DIRECTION('',(0.,-1.,0.));
#1918=DIRECTION('',(0.,0.,-1.));
#1919=DIRECTION('',(-1.,0.,-4.96699635211684E-16));
#1920=DIRECTION('',(-4.96699635211684E-16,0.,1.));
#1921=DIRECTION('',(0.,1.,0.));
#1922=DIRECTION('',(-4.96699635211684E-16,0.,1.));
#1923=DIRECTION('',(0.,1.,0.));
#1924=DIRECTION('',(0.,1.,0.));
#1925=DIRECTION('',(0.,0.,1.));
#1926=DIRECTION('',(0.,1.,0.));
#1927=DIRECTION('',(0.,-1.,0.));
#1928=DIRECTION('',(0.,0.,-1.));
#1929=DIRECTION('',(9.93399270423369E-16,0.,-1.));
#1930=DIRECTION('',(-1.,0.,-9.93399270423369E-16));
#1931=DIRECTION('',(0.,1.,0.));
#1932=DIRECTION('',(-1.,0.,-9.93399270423369E-16));
#1933=DIRECTION('',(0.,1.,0.));
#1934=DIRECTION('',(0.,0.,1.));
#1935=DIRECTION('',(0.,1.,0.));
#1936=DIRECTION('',(0.,-1.,0.));
#1937=DIRECTION('',(0.,0.,-1.));
#1938=DIRECTION('',(1.,0.,0.));
#1939=DIRECTION('',(0.,0.,-1.));
#1940=DIRECTION('',(0.,1.,0.));
#1941=DIRECTION('',(0.,0.,-1.));
#1942=DIRECTION('',(0.,1.,0.));
#1943=DIRECTION('',(0.,0.,1.));
#1944=DIRECTION('',(0.,1.,0.));
#1945=DIRECTION('',(0.,-1.,0.));
#1946=DIRECTION('',(0.,0.,-1.));
#1947=DIRECTION('',(-2.48349817605842E-16,0.,1.));
#1948=DIRECTION('',(1.,0.,2.48349817605842E-16));
#1949=DIRECTION('',(0.,1.,0.));
#1950=DIRECTION('',(1.,0.,2.48349817605842E-16));
#1951=DIRECTION('',(0.,1.,0.));
#1952=DIRECTION('',(0.,0.,1.));
#1953=DIRECTION('',(0.,-1.,0.));
#1954=DIRECTION('',(0.,0.,-1.));
#1955=DIRECTION('',(0.,-1.,0.));
#1956=DIRECTION('',(1.,0.,0.));
#1957=DIRECTION('',(0.,-1.,0.));
#1958=DIRECTION('',(0.,0.,-1.));
#1959=DIRECTION('',(0.,-1.,0.));
#1960=DIRECTION('',(0.,0.,-1.));
#1961=DIRECTION('',(0.,-1.,0.));
#1962=DIRECTION('',(0.,0.,-1.));
#1963=DIRECTION('',(0.,-1.,0.));
#1964=DIRECTION('',(0.,0.,-1.));
#1965=DIRECTION('',(0.,-1.,0.));
#1966=DIRECTION('',(0.,0.,-1.));
#1967=DIRECTION('',(0.,1.,0.));
#1968=DIRECTION('',(0.,0.,1.));
#1969=DIRECTION('',(0.,-1.,0.));
#1970=DIRECTION('',(0.,0.,-1.));
#1971=DIRECTION('',(0.,-1.,0.));
#1972=DIRECTION('',(1.,0.,0.));
#1973=DIRECTION('',(0.,-1.,0.));
#1974=DIRECTION('',(0.,0.,-1.));
#1975=DIRECTION('',(0.,1.,0.));
#1976=DIRECTION('',(0.,0.,1.));
#1977=DIRECTION('',(0.,-1.,0.));
#1978=DIRECTION('',(0.,0.,-1.));
#1979=DIRECTION('',(0.,-1.,0.));
#1980=DIRECTION('',(1.,0.,0.));
#1981=DIRECTION('',(0.,-1.,0.));
#1982=DIRECTION('',(0.,0.,-1.));
#1983=DIRECTION('',(0.,1.,0.));
#1984=DIRECTION('',(0.,0.,1.));
#1985=DIRECTION('',(0.,-1.,0.));
#1986=DIRECTION('',(0.,0.,-1.));
#1987=DIRECTION('',(0.,-1.,0.));
#1988=DIRECTION('',(1.,0.,0.));
#1989=DIRECTION('',(0.,-1.,0.));
#1990=DIRECTION('',(0.,0.,-1.));
#1991=DIRECTION('',(0.,1.,0.));
#1992=DIRECTION('',(0.,0.,1.));
#1993=DIRECTION('',(0.,-1.,0.));
#1994=DIRECTION('',(0.,0.,-1.));
#1995=DIRECTION('',(0.,-1.,0.));
#1996=DIRECTION('',(1.,0.,0.));
#1997=DIRECTION('',(0.,1.,0.));
#1998=DIRECTION('',(0.,0.,1.));
#1999=DIRECTION('',(0.,-1.,0.));
#2000=DIRECTION('',(0.,0.,-1.));
#2001=DIRECTION('',(0.,1.,0.));
#2002=DIRECTION('',(0.,0.,1.));
#2003=DIRECTION('',(0.,-1.,0.));
#2004=DIRECTION('',(0.,0.,-1.));
#2005=DIRECTION('',(0.,-1.,0.));
#2006=DIRECTION('',(1.,0.,0.));
#2007=DIRECTION('',(0.,1.,0.));
#2008=DIRECTION('',(0.,0.,1.));
#2009=DIRECTION('',(0.,-1.,0.));
#2010=DIRECTION('',(0.,0.,-1.));
#2011=DIRECTION('',(0.,-1.,0.));
#2012=DIRECTION('',(1.,0.,0.));
#2013=DIRECTION('',(0.,-1.,0.));
#2014=DIRECTION('',(1.,0.,0.));
#2015=DIRECTION('',(0.,-2.27681429483568E-6,-0.999999999997408));
#2016=DIRECTION('',(0.,0.999999999997408,-2.27681429483568E-6));
#2017=DIRECTION('',(-1.,0.,0.));
#2018=DIRECTION('',(0.,-0.999999999997408,2.27681429483568E-6));
#2019=DIRECTION('',(-1.,0.,0.));
#2020=DIRECTION('',(-1.,0.,0.));
#2021=DIRECTION('',(0.,0.,1.));
#2022=DIRECTION('',(-1.,0.,0.));
#2023=DIRECTION('',(1.,0.,0.));
#2024=DIRECTION('',(0.,0.,-1.));
#2025=DIRECTION('',(0.,1.,0.));
#2026=DIRECTION('',(0.,0.,1.));
#2027=DIRECTION('',(-1.,0.,0.));
#2028=DIRECTION('',(0.,0.,-1.));
#2029=DIRECTION('',(-1.,0.,0.));
#2030=DIRECTION('',(0.,0.,1.));
#2031=DIRECTION('',(-1.,0.,0.));
#2032=DIRECTION('',(1.,0.,0.));
#2033=DIRECTION('',(0.,0.,-1.));
#2034=DIRECTION('',(0.,0.,1.));
#2035=DIRECTION('',(1.,0.,0.));
#2036=DIRECTION('',(-1.,0.,0.));
#2037=DIRECTION('',(0.,1.,0.));
#2038=DIRECTION('',(-1.,0.,0.));
#2039=DIRECTION('',(0.,0.,1.));
#2040=DIRECTION('',(-1.,0.,0.));
#2041=DIRECTION('',(1.,0.,0.));
#2042=DIRECTION('',(0.,0.,-1.));
#2043=DIRECTION('',(0.,-1.,-2.93343681274693E-16));
#2044=DIRECTION('',(0.,2.93343681274693E-16,-1.));
#2045=DIRECTION('',(-1.,0.,0.));
#2046=DIRECTION('',(0.,-2.93343681274693E-16,1.));
#2047=DIRECTION('',(-1.,0.,0.));
#2048=DIRECTION('',(0.,0.,1.));
#2049=DIRECTION('',(1.,0.,0.));
#2050=DIRECTION('',(0.,0.,-1.));
#2051=DIRECTION('',(1.,0.,0.));
#2052=DIRECTION('',(0.,1.,0.));
#2053=DIRECTION('',(0.,0.,-1.));
#2054=DIRECTION('',(-1.,0.,0.));
#2055=DIRECTION('',(-1.,0.,0.));
#2056=DIRECTION('',(0.,-1.,0.));
#2057=DIRECTION('',(-1.,0.,0.));
#2058=DIRECTION('',(-1.,0.,0.));
#2059=DIRECTION('',(0.,0.,1.));
#2060=DIRECTION('',(-1.,0.,0.));
#2061=DIRECTION('',(1.,0.,0.));
#2062=DIRECTION('',(0.,0.,-1.));
#2063=DIRECTION('',(0.,1.,0.));
#2064=DIRECTION('',(0.,0.,1.));
#2065=DIRECTION('',(-1.,0.,0.));
#2066=DIRECTION('',(0.,0.,-1.));
#2067=DIRECTION('',(-1.,0.,0.));
#2068=DIRECTION('',(0.,0.,1.));
#2069=DIRECTION('',(-1.,0.,0.));
#2070=DIRECTION('',(1.,0.,0.));
#2071=DIRECTION('',(0.,0.,-1.));
#2072=DIRECTION('',(0.,0.,1.));
#2073=DIRECTION('',(1.,0.,0.));
#2074=DIRECTION('',(-1.,0.,0.));
#2075=DIRECTION('',(0.,1.,0.));
#2076=DIRECTION('',(-1.,0.,0.));
#2077=DIRECTION('',(0.,0.,1.));
#2078=DIRECTION('',(-1.,0.,0.));
#2079=DIRECTION('',(1.,0.,0.));
#2080=DIRECTION('',(0.,0.,-1.));
#2081=DIRECTION('',(0.,-0.999999999999853,5.42551257668039E-7));
#2082=DIRECTION('',(0.,-5.42551257668039E-7,-0.999999999999853));
#2083=DIRECTION('',(-1.,0.,0.));
#2084=DIRECTION('',(0.,5.42551257668039E-7,0.999999999999853));
#2085=DIRECTION('',(-1.,0.,0.));
#2086=DIRECTION('',(0.,0.,1.));
#2087=DIRECTION('',(1.,0.,0.));
#2088=DIRECTION('',(0.,0.,-1.));
#2089=DIRECTION('',(1.,0.,0.));
#2090=DIRECTION('',(0.,1.,0.));
#2091=DIRECTION('',(0.,-1.,0.));
#2092=DIRECTION('',(0.,0.,-1.));
#2093=DIRECTION('',(-1.,0.,0.));
#2094=DIRECTION('',(0.,0.,1.));
#2095=DIRECTION('',(-1.,0.,0.));
#2096=DIRECTION('',(-1.,0.,0.));
#2097=DIRECTION('',(0.,0.,1.));
#2098=DIRECTION('',(-1.,0.,0.));
#2099=DIRECTION('',(1.,0.,0.));
#2100=DIRECTION('',(0.,0.,-1.));
#2101=DIRECTION('',(0.,0.,-1.));
#2102=DIRECTION('',(-1.,0.,0.));
#2103=DIRECTION('',(-1.,0.,0.));
#2104=DIRECTION('',(0.,-1.,0.));
#2105=DIRECTION('',(-1.,0.,0.));
#2106=DIRECTION('',(0.,0.,1.));
#2107=DIRECTION('',(-1.,0.,0.));
#2108=DIRECTION('',(1.,0.,0.));
#2109=DIRECTION('',(0.,0.,-1.));
#2110=DIRECTION('',(0.,1.,0.));
#2111=DIRECTION('',(0.,0.,1.));
#2112=DIRECTION('',(-1.,0.,0.));
#2113=DIRECTION('',(0.,0.,-1.));
#2114=DIRECTION('',(-1.,0.,0.));
#2115=DIRECTION('',(0.,0.,1.));
#2116=DIRECTION('',(-1.,0.,0.));
#2117=DIRECTION('',(1.,0.,0.));
#2118=DIRECTION('',(0.,0.,-1.));
#2119=DIRECTION('',(0.,0.,1.));
#2120=DIRECTION('',(1.,0.,0.));
#2121=DIRECTION('',(-1.,0.,0.));
#2122=DIRECTION('',(0.,1.,0.));
#2123=DIRECTION('',(-1.,0.,0.));
#2124=DIRECTION('',(0.,0.,1.));
#2125=DIRECTION('',(1.,0.,0.));
#2126=DIRECTION('',(0.,0.,-1.));
#2127=DIRECTION('',(1.,0.,0.));
#2128=DIRECTION('',(0.,1.,0.));
#2129=DIRECTION('',(2.36074500271899E-16,1.,0.));
#2130=DIRECTION('',(-1.,2.36074500271899E-16,0.));
#2131=DIRECTION('',(0.,0.,-1.));
#2132=DIRECTION('',(1.,-2.36074500271899E-16,0.));
#2133=DIRECTION('',(0.,0.,-1.));
#2134=DIRECTION('',(0.,0.,-1.));
#2135=DIRECTION('',(-1.,0.,0.));
#2136=DIRECTION('',(0.,0.,-1.));
#2137=DIRECTION('',(0.,0.,-1.));
#2138=DIRECTION('',(-1.,0.,0.));
#2139=DIRECTION('',(1.,0.,0.));
#2140=DIRECTION('',(0.,0.,-1.));
#2141=DIRECTION('',(0.,0.,-1.));
#2142=DIRECTION('',(0.,-1.,0.));
#2143=DIRECTION('',(0.,0.,-1.));
#2144=DIRECTION('',(-1.,0.,0.));
#2145=DIRECTION('',(0.,0.,-1.));
#2146=DIRECTION('',(0.,0.,-1.));
#2147=DIRECTION('',(-1.,0.,0.));
#2148=DIRECTION('',(-1.41644700163139E-15,-1.,0.));
#2149=DIRECTION('',(1.,-1.41644700163139E-15,0.));
#2150=DIRECTION('',(0.,0.,-1.));
#2151=DIRECTION('',(-1.,1.41644700163139E-15,0.));
#2152=DIRECTION('',(0.,0.,-1.));
#2153=DIRECTION('',(-1.,0.,0.));
#2154=DIRECTION('',(0.,0.,-1.));
#2155=DIRECTION('',(0.,0.,-1.));
#2156=DIRECTION('',(-1.,0.,0.));
#2157=DIRECTION('',(-1.,0.,0.));
#2158=DIRECTION('',(0.,0.,1.));
#2159=DIRECTION('',(0.,0.,-1.));
#2160=DIRECTION('',(0.,1.,0.));
#2161=DIRECTION('',(0.,0.,-1.));
#2162=DIRECTION('',(-1.,0.,0.));
#2163=DIRECTION('',(0.,0.,-1.));
#2164=DIRECTION('',(-1.,0.,0.));
#2165=DIRECTION('',(0.,0.,-1.));
#2166=DIRECTION('',(1.,0.,0.));
#2167=DIRECTION('',(0.,1.,0.));
#2168=DIRECTION('',(0.,0.,1.));
#2169=DIRECTION('',(1.,0.,1.51769332981348E-16));
#2170=DIRECTION('',(-1.51769332981348E-16,0.,1.));
#2171=DIRECTION('',(1.,0.,1.51769332981348E-16));
#2172=DIRECTION('',(1.,0.,1.51769332981348E-16));
#2173=DIRECTION('',(1.51769332981348E-16,0.,-1.));
#2174=DIRECTION('',(1.,0.,1.51769332981348E-16));
#2175=DIRECTION('',(-1.,0.,-1.51769332981348E-16));
#2176=DIRECTION('',(-1.51769332981348E-16,0.,1.));
#2177=DIRECTION('',(1.51769332981348E-16,0.,-1.));
#2178=DIRECTION('',(-1.,0.,-1.51769332981348E-16));
#2179=DIRECTION('',(1.,0.,1.51769332981348E-16));
#2180=DIRECTION('',(0.,1.,0.));
#2181=DIRECTION('',(1.,0.,1.51769332981348E-16));
#2182=DIRECTION('',(1.51769332981348E-16,0.,-1.));
#2183=DIRECTION('',(1.,0.,1.51769332981348E-16));
#2184=DIRECTION('',(-1.,0.,-1.51769332981348E-16));
#2185=DIRECTION('',(-1.51769332981348E-16,0.,1.));
#2186=DIRECTION('',(0.,-1.,0.));
#2187=DIRECTION('',(0.,0.,-1.));
#2188=DIRECTION('',(1.,0.,1.51769332981348E-16));
#2189=DIRECTION('',(1.51769332981348E-16,0.,-1.));
#2190=DIRECTION('',(1.,0.,1.51769332981348E-16));
#2191=DIRECTION('',(1.51769332981348E-16,0.,-1.));
#2192=DIRECTION('',(1.,0.,1.51769332981348E-16));
#2193=DIRECTION('',(-1.,0.,-1.51769332981348E-16));
#2194=DIRECTION('',(-1.51769332981348E-16,0.,1.));
#2195=DIRECTION('',(-1.51769332981348E-16,0.,1.));
#2196=DIRECTION('',(1.,0.,1.51769332981348E-16));
#2197=DIRECTION('',(1.,0.,1.51769332981348E-16));
#2198=DIRECTION('',(0.,-1.,0.));
#2199=DIRECTION('',(1.,0.,1.51769332981348E-16));
#2200=DIRECTION('',(1.51769332981348E-16,0.,-1.));
#2201=DIRECTION('',(-1.,0.,-1.51769332981348E-16));
#2202=DIRECTION('',(-1.51769332981348E-16,0.,1.));
#2203=DIRECTION('',(-1.,0.,-1.51769332981348E-16));
#2204=DIRECTION('',(0.,-1.,0.));
#2205=DIRECTION('',(0.,0.,1.));
#2206=DIRECTION('',(1.,0.,0.));
#2207=DIRECTION('',(0.,-1.,0.));
#2208=DIRECTION('',(-1.,0.,0.));
#2209=DIRECTION('',(0.,-1.,0.));
#2210=DIRECTION('',(0.,-1.,0.));
#2211=DIRECTION('',(0.,0.,-1.));
#2212=DIRECTION('',(0.,-1.,0.));
#2213=DIRECTION('',(0.,1.,0.));
#2214=DIRECTION('',(0.,0.,1.));
#2215=DIRECTION('',(1.,0.,-2.44642041751423E-8));
#2216=DIRECTION('',(-2.44642041751423E-8,0.,-1.));
#2217=DIRECTION('',(0.,-1.,0.));
#2218=DIRECTION('',(2.44642041751423E-8,0.,1.));
#2219=DIRECTION('',(0.,-1.,0.));
#2220=DIRECTION('',(0.,0.,-1.));
#2221=DIRECTION('',(0.,-1.,0.));
#2222=DIRECTION('',(0.,1.,0.));
#2223=DIRECTION('',(0.,0.,1.));
#2224=DIRECTION('',(0.,0.,-1.));
#2225=DIRECTION('',(-1.,0.,0.));
#2226=DIRECTION('',(0.,-1.,0.));
#2227=DIRECTION('',(1.,0.,0.));
#2228=DIRECTION('',(0.,-1.,0.));
#2229=DIRECTION('',(0.,0.,-1.));
#2230=DIRECTION('',(0.,-1.,0.));
#2231=DIRECTION('',(0.,1.,0.));
#2232=DIRECTION('',(0.,0.,1.));
#2233=DIRECTION('',(-1.,0.,0.));
#2234=DIRECTION('',(0.,0.,1.));
#2235=DIRECTION('',(0.,-1.,0.));
#2236=DIRECTION('',(0.,0.,-1.));
#2237=DIRECTION('',(0.,-1.,0.));
#2238=DIRECTION('',(0.,0.,-1.));
#2239=DIRECTION('',(0.,1.,0.));
#2240=DIRECTION('',(0.,0.,1.));
#2241=DIRECTION('',(0.,1.,0.));
#2242=DIRECTION('',(-1.,0.,0.));
#2243=DIRECTION('',(0.,1.,0.));
#2244=DIRECTION('',(0.,0.,1.));
#2245=DIRECTION('',(0.,-1.,0.));
#2246=DIRECTION('',(0.,0.,-1.));
#2247=DIRECTION('',(0.,-1.,0.));
#2248=DIRECTION('',(1.,0.,0.));
#2249=CARTESIAN_POINT('',(0.,0.,0.));
#2250=CARTESIAN_POINT('',(-0.0254,0.,-0.00632278248667715));
#2251=CARTESIAN_POINT('',(-0.0254,0.,0.0444772175133228));
#2252=CARTESIAN_POINT('',(-0.00508,0.,0.0444772175133228));
#2253=CARTESIAN_POINT('',(-0.04572,0.,0.0444772175133228));
#2254=CARTESIAN_POINT('',(-0.00508,0.,0.0393972175133228));
#2255=CARTESIAN_POINT('',(0.,0.,0.0393972175133228));
#2256=CARTESIAN_POINT('',(0.,0.,-0.00632278248667716));
#2257=CARTESIAN_POINT('',(-5.20417042793042E-18,0.,-0.0520427824866772));
#2258=CARTESIAN_POINT('',(-0.00508,0.,-0.0520427824866772));
#2259=CARTESIAN_POINT('',(-0.00508,0.,-0.0571227824866772));
#2260=CARTESIAN_POINT('',(-0.0254,0.,-0.0571227824866772));
#2261=CARTESIAN_POINT('',(-0.04572,0.,-0.0571227824866772));
#2262=CARTESIAN_POINT('',(-0.04572,0.,-0.0520427824866772));
#2263=CARTESIAN_POINT('',(-0.0508,0.,-0.0520427824866772));
#2264=CARTESIAN_POINT('',(-0.0508,0.,-0.00632278248667716));
#2265=CARTESIAN_POINT('',(-0.0508,0.,0.0393972175133228));
#2266=CARTESIAN_POINT('',(-0.04572,0.,0.0393972175133228));
#2267=CARTESIAN_POINT('',(-0.0174494786612258,0.,0.0384800102778673));
#2268=CARTESIAN_POINT('',(-0.0174494786612258,0.,0.0397500102778673));
#2269=CARTESIAN_POINT('',(-0.0161794786612258,0.,0.0384800102467978));
#2270=CARTESIAN_POINT('',(-0.0241703186829745,0.,0.0397500102778673));
#2271=CARTESIAN_POINT('',(-0.0308911587047231,0.,0.0397500102778673));
#2272=CARTESIAN_POINT('',(-0.0308911587047231,0.,0.0384800102778673));
#2273=CARTESIAN_POINT('',(-0.0321611587047232,0.,0.0384800102778673));
#2274=CARTESIAN_POINT('',(-0.0321611587047232,0.,0.0382260102778674));
#2275=CARTESIAN_POINT('',(-0.0321611587047232,0.,0.0379720102778674));
#2276=CARTESIAN_POINT('',(-0.0308911587047232,0.,0.0379720102778673));
#2277=CARTESIAN_POINT('',(-0.0308911587047231,0.,0.0367020102778674));
#2278=CARTESIAN_POINT('',(-0.0241703186891884,0.,0.0367020102778673));
#2279=CARTESIAN_POINT('',(-0.0174494786736537,0.,0.0367020102778673));
#2280=CARTESIAN_POINT('',(-0.0174494786736537,0.,0.0379720102778673));
#2281=CARTESIAN_POINT('',(-0.0161794786736537,0.,0.0379720102467978));
#2282=CARTESIAN_POINT('',(-0.0161794786674397,0.,0.0382260102467978));
#2283=CARTESIAN_POINT('',(-0.0254,-0.00635,-0.0571227824866772));
#2284=CARTESIAN_POINT('',(-0.00508,-0.00635,-0.0571227824866772));
#2285=CARTESIAN_POINT('',(-0.00508,-0.00635,-0.0571227824866772));
#2286=CARTESIAN_POINT('',(-0.0254,-0.00635,-0.0571227824866772));
#2287=CARTESIAN_POINT('',(-0.04572,-0.00635,-0.0571227824866772));
#2288=CARTESIAN_POINT('',(-0.04572,-0.00635,-0.0571227824866772));
#2289=CARTESIAN_POINT('',(-0.0291372805182934,-0.00374680732388934,-0.0571227824866772));
#2290=CARTESIAN_POINT('',(-0.0291372805182934,-0.00450880732388932,-0.0571227824866772));
#2291=CARTESIAN_POINT('',(-0.0298992805182934,-0.00374680732388933,-0.0571227824866772));
#2292=CARTESIAN_POINT('',(-0.0254631787538528,-0.00450880732388932,-0.0571227824866772));
#2293=CARTESIAN_POINT('',(-0.0217890769894123,-0.00450880732388932,-0.0571227824866772));
#2294=CARTESIAN_POINT('',(-0.0217890769894123,-0.00374680732388933,-0.0571227824866772));
#2295=CARTESIAN_POINT('',(-0.0210270769894123,-0.00374680732388934,-0.0571227824866772));
#2296=CARTESIAN_POINT('',(-0.0210270769894123,-0.00328359822743455,-0.0571227824866772));
#2297=CARTESIAN_POINT('',(-0.0210270769894123,-0.00282038913097977,-0.0571227824866772));
#2298=CARTESIAN_POINT('',(-0.0217890769894123,-0.00282038913097976,-0.0571227824866772));
#2299=CARTESIAN_POINT('',(-0.0217890769894123,-0.00205838913097977,-0.0571227824866772));
#2300=CARTESIAN_POINT('',(-0.0254631787538528,-0.00205838913097977,-0.0571227824866772));
#2301=CARTESIAN_POINT('',(-0.0291372805182934,-0.00205838913097976,-0.0571227824866772));
#2302=CARTESIAN_POINT('',(-0.0291372805182934,-0.00282038913097976,-0.0571227824866772));
#2303=CARTESIAN_POINT('',(-0.0298992805182934,-0.00282038913097976,-0.0571227824866772));
#2304=CARTESIAN_POINT('',(-0.0298992805182934,-0.00328359822743455,-0.0571227824866772));
#2305=CARTESIAN_POINT('',(-0.0254,-0.00635,0.0444772175133228));
#2306=CARTESIAN_POINT('',(-0.04572,-0.00635,0.0444772175133228));
#2307=CARTESIAN_POINT('',(-0.04572,-0.00635,0.0444772175133228));
#2308=CARTESIAN_POINT('',(-0.0254,-0.00635,0.0444772175133228));
#2309=CARTESIAN_POINT('',(-0.00508,-0.00635,0.0444772175133228));
#2310=CARTESIAN_POINT('',(-0.00508,-0.00635,0.0444772175133228));
#2311=CARTESIAN_POINT('',(-0.04572,-0.00635,0.0393972175133228));
#2312=CARTESIAN_POINT('',(-0.0508,-0.00635,0.0393972175133228));
#2313=CARTESIAN_POINT('',(-0.0508,-0.00635,0.0393972175133228));
#2314=CARTESIAN_POINT('',(-0.04572,-0.00635,0.0393972175133228));
#2315=CARTESIAN_POINT('',(-0.0508,-0.00635,-0.00632278248667716));
#2316=CARTESIAN_POINT('',(-0.0508,-0.0044040071352457,0.011355785779605));
#2317=CARTESIAN_POINT('',(-0.0508,-0.0044040071352457,0.00553499167611808));
#2318=CARTESIAN_POINT('',(-0.0508,-0.0044040071352457,0.0171765798830919));
#2319=CARTESIAN_POINT('',(-0.0508,-0.0036420071352457,0.00553499167611808));
#2320=CARTESIAN_POINT('',(-0.0508,-0.0036420071352457,0.00477299167611808));
#2321=CARTESIAN_POINT('',(-0.0508,-0.0033001231352457,0.00477299167611808));
#2322=CARTESIAN_POINT('',(-0.0508,-0.00295823913524569,0.00477299167611808));
#2323=CARTESIAN_POINT('',(-0.0508,-0.00295823913524569,0.00553499167611808));
#2324=CARTESIAN_POINT('',(-0.0508,-0.00219623913524569,0.00553499167611808));
#2325=CARTESIAN_POINT('',(-0.0508,-0.00219623913524569,0.011355785779605));
#2326=CARTESIAN_POINT('',(-0.0508,-0.00219623913524569,0.0171765798830919));
#2327=CARTESIAN_POINT('',(-0.0508,-0.00295823913524569,0.0171765798830919));
#2328=CARTESIAN_POINT('',(-0.0508,-0.00295823913524569,0.0179385798830919));
#2329=CARTESIAN_POINT('',(-0.0508,-0.0033001231352457,0.0179385798830919));
#2330=CARTESIAN_POINT('',(-0.0508,-0.0036420071352457,0.0179385798830919));
#2331=CARTESIAN_POINT('',(-0.0508,-0.0036420071352457,0.0171765798830919));
#2332=CARTESIAN_POINT('',(-0.0508,-0.00635,-0.0520427824866772));
#2333=CARTESIAN_POINT('',(-0.0508,-0.00635,-0.0520427824866772));
#2334=CARTESIAN_POINT('',(-0.0508,-0.00635,-0.00632278248667716));
#2335=CARTESIAN_POINT('',(-0.04572,-0.00635,-0.0520427824866772));
#2336=CARTESIAN_POINT('',(-0.04572,-0.00635,-0.0520427824866772));
#2337=CARTESIAN_POINT('',(-0.00508,-0.00635,-0.0520427824866772));
#2338=CARTESIAN_POINT('',(-5.20417042793042E-18,-0.00635,-0.0520427824866772));
#2339=CARTESIAN_POINT('',(-5.20417042793042E-18,-0.00635,-0.0520427824866772));
#2340=CARTESIAN_POINT('',(-0.00508,-0.00635,-0.0520427824866772));
#2341=CARTESIAN_POINT('',(0.,-0.00635,-0.00632278248667716));
#2342=CARTESIAN_POINT('',(0.,-0.00219877405158352,0.00636980480802059));
#2343=CARTESIAN_POINT('',(0.,-0.00219877405158352,0.00313130480802059));
#2344=CARTESIAN_POINT('',(0.,-0.00219877405158352,0.0096083048080206));
#2345=CARTESIAN_POINT('',(0.,-0.00296077405158352,0.00313130480802059));
#2346=CARTESIAN_POINT('',(0.,-0.00296077405158352,0.00236930480802059));
#2347=CARTESIAN_POINT('',(0.,-0.00330265805158353,0.00236930480802059));
#2348=CARTESIAN_POINT('',(0.,-0.00364454205158353,0.00236930480802059));
#2349=CARTESIAN_POINT('',(0.,-0.00364454205158353,0.00313130480802059));
#2350=CARTESIAN_POINT('',(0.,-0.00440654205158353,0.00313130480802059));
#2351=CARTESIAN_POINT('',(0.,-0.00440654205158353,0.00636980480802059));
#2352=CARTESIAN_POINT('',(0.,-0.00440654205158353,0.00960830480802059));
#2353=CARTESIAN_POINT('',(0.,-0.00364454205158353,0.0096083048080206));
#2354=CARTESIAN_POINT('',(0.,-0.00364454205158353,0.0103703048080206));
#2355=CARTESIAN_POINT('',(0.,-0.00330265805158353,0.0103703048080206));
#2356=CARTESIAN_POINT('',(0.,-0.00296077405158352,0.0103703048080206));
#2357=CARTESIAN_POINT('',(0.,-0.00296077405158352,0.00960830480802059));
#2358=CARTESIAN_POINT('',(0.,-0.00330265608798285,0.0207623956277039));
#2359=CARTESIAN_POINT('',(0.,-0.00296077012438217,0.0207623956277039));
#2360=CARTESIAN_POINT('',(0.,-0.00364454205158353,0.0207623956277039));
#2361=CARTESIAN_POINT('',(0.,-0.00296077012438217,0.0200003956277039));
#2362=CARTESIAN_POINT('',(0.,-0.00219877012438228,0.0200003952142798));
#2363=CARTESIAN_POINT('',(0.,-0.00219877188127099,0.0167621966525816));
#2364=CARTESIAN_POINT('',(0.,-0.00219877363815969,0.0135239980908834));
#2365=CARTESIAN_POINT('',(0.,-0.00296077363815958,0.0135239985043074));
#2366=CARTESIAN_POINT('',(0.,-0.00296077363815957,0.0127619985043074));
#2367=CARTESIAN_POINT('',(0.,-0.00330265784487155,0.0127619985043074));
#2368=CARTESIAN_POINT('',(0.,-0.00364454205158353,0.0127619985043074));
#2369=CARTESIAN_POINT('',(0.,-0.00364454205158353,0.0135239985043074));
#2370=CARTESIAN_POINT('',(0.,-0.00440654205158353,0.0135239985043074));
#2371=CARTESIAN_POINT('',(0.,-0.00440654205158353,0.0167621970660057));
#2372=CARTESIAN_POINT('',(0.,-0.00440654205158353,0.0200003956277039));
#2373=CARTESIAN_POINT('',(0.,-0.00364454205158353,0.0200003956277039));
#2374=CARTESIAN_POINT('',(0.,-0.00330265414633827,0.0296959013690366));
#2375=CARTESIAN_POINT('',(0.,-0.00296076797602552,0.0296959005906252));
#2376=CARTESIAN_POINT('',(0.,-0.00364454031665104,0.0296959021474479));
#2377=CARTESIAN_POINT('',(0.,-0.002960769710958,0.0289339005906272));
#2378=CARTESIAN_POINT('',(0.,-0.002198769710958,0.0289339005906272));
#2379=CARTESIAN_POINT('',(0.,-0.002198769710958,0.0274554952365057));
#2380=CARTESIAN_POINT('',(0.,-0.002198769710958,0.0259770898823843));
#2381=CARTESIAN_POINT('',(0.,-0.00296076971095799,0.0259770898823843));
#2382=CARTESIAN_POINT('',(0.,-0.002960769710958,0.0252150898823843));
#2383=CARTESIAN_POINT('',(0.,-0.00330265588127077,0.0252150898823843));
#2384=CARTESIAN_POINT('',(0.,-0.00364454205158353,0.0252150898823843));
#2385=CARTESIAN_POINT('',(0.,-0.00364454205158353,0.0259770898823843));
#2386=CARTESIAN_POINT('',(0.,-0.00440654205158353,0.0259770898823843));
#2387=CARTESIAN_POINT('',(0.,-0.00440654205158353,0.027455496014917));
#2388=CARTESIAN_POINT('',(0.,-0.00440654205158353,0.0289339021474498));
#2389=CARTESIAN_POINT('',(0.,-0.00364454205158352,0.0289339021474498));
#2390=CARTESIAN_POINT('',(0.,-0.00635,0.0393972175133228));
#2391=CARTESIAN_POINT('',(0.,-0.00635,0.0393972175133228));
#2392=CARTESIAN_POINT('',(0.,-0.00635,-0.00632278248667716));
#2393=CARTESIAN_POINT('',(-0.00508,-0.00635,0.0393972175133228));
#2394=CARTESIAN_POINT('',(-0.00508,-0.00635,0.0393972175133228));
#2395=CARTESIAN_POINT('',(-0.0254,-0.00635,-0.00632278248667715));
#2396=CARTESIAN_POINT('',(-0.02667,-0.00635,0.0298722175133228));
#2397=CARTESIAN_POINT('',(-0.02667,-0.00635,0.0228872175133229));
#2398=CARTESIAN_POINT('',(-0.02667,-0.00635,0.0368572175133228));
#2399=CARTESIAN_POINT('',(-0.02921,-0.00635,0.0228872175133229));
#2400=CARTESIAN_POINT('',(-0.02921,-0.00635,0.0203472175133229));
#2401=CARTESIAN_POINT('',(-0.036195,-0.00635,0.0203472175133229));
#2402=CARTESIAN_POINT('',(-0.04318,-0.00635,0.0203472175133229));
#2403=CARTESIAN_POINT('',(-0.04318,-0.00635,0.0228872175133229));
#2404=CARTESIAN_POINT('',(-0.04572,-0.00635,0.0228872175133229));
#2405=CARTESIAN_POINT('',(-0.04572,-0.00635,0.0298722175133228));
#2406=CARTESIAN_POINT('',(-0.04572,-0.00635,0.0368572175133228));
#2407=CARTESIAN_POINT('',(-0.04318,-0.00635,0.0368572175133228));
#2408=CARTESIAN_POINT('',(-0.04318,-0.00635,0.0393972175133228));
#2409=CARTESIAN_POINT('',(-0.036195,-0.00635,0.0393972175133228));
#2410=CARTESIAN_POINT('',(-0.02921,-0.00635,0.0393972175133228));
#2411=CARTESIAN_POINT('',(-0.02921,-0.00635,0.0368572175133228));
#2412=CARTESIAN_POINT('',(-0.02667,-0.00762,0.0298722175133228));
#2413=CARTESIAN_POINT('',(-0.02667,-0.00762,0.0368572175133228));
#2414=CARTESIAN_POINT('',(-0.02667,-0.00762,0.0368572175133228));
#2415=CARTESIAN_POINT('',(-0.02667,-0.00762,0.0298722175133228));
#2416=CARTESIAN_POINT('',(-0.02667,-0.00762,0.0228872175133229));
#2417=CARTESIAN_POINT('',(-0.02667,-0.00762,0.0228872175133229));
#2418=CARTESIAN_POINT('',(-0.02921,-0.00762,0.0368572175133228));
#2419=CARTESIAN_POINT('',(-0.02921,-0.00762,0.0393972175133228));
#2420=CARTESIAN_POINT('',(-0.02921,-0.00762,0.0393972175133228));
#2421=CARTESIAN_POINT('',(-0.02921,-0.00762,0.0368572175133228));
#2422=CARTESIAN_POINT('',(-0.036195,-0.00762,0.0393972175133228));
#2423=CARTESIAN_POINT('',(-0.04318,-0.00762,0.0393972175133228));
#2424=CARTESIAN_POINT('',(-0.04318,-0.00762,0.0393972175133228));
#2425=CARTESIAN_POINT('',(-0.036195,-0.00762,0.0393972175133228));
#2426=CARTESIAN_POINT('',(-0.04318,-0.00762,0.0368572175133228));
#2427=CARTESIAN_POINT('',(-0.04572,-0.00762,0.0368572175133228));
#2428=CARTESIAN_POINT('',(-0.04572,-0.00762,0.0368572175133228));
#2429=CARTESIAN_POINT('',(-0.04318,-0.00762,0.0368572175133228));
#2430=CARTESIAN_POINT('',(-0.04572,-0.00762,0.0298722175133228));
#2431=CARTESIAN_POINT('',(-0.04572,-0.00762,0.0228872175133229));
#2432=CARTESIAN_POINT('',(-0.04572,-0.00762,0.0228872175133229));
#2433=CARTESIAN_POINT('',(-0.04572,-0.00762,0.0298722175133228));
#2434=CARTESIAN_POINT('',(-0.04318,-0.00762,0.0228872175133229));
#2435=CARTESIAN_POINT('',(-0.04318,-0.00762,0.0203472175133229));
#2436=CARTESIAN_POINT('',(-0.04318,-0.00762,0.0203472175133229));
#2437=CARTESIAN_POINT('',(-0.04318,-0.00762,0.0228872175133229));
#2438=CARTESIAN_POINT('',(-0.036195,-0.00762,0.0203472175133229));
#2439=CARTESIAN_POINT('',(-0.02921,-0.00762,0.0203472175133229));
#2440=CARTESIAN_POINT('',(-0.02921,-0.00762,0.0203472175133229));
#2441=CARTESIAN_POINT('',(-0.036195,-0.00762,0.0203472175133229));
#2442=CARTESIAN_POINT('',(-0.02921,-0.00762,0.0228872175133229));
#2443=CARTESIAN_POINT('',(-0.02921,-0.00762,0.0228872175133229));
#2444=CARTESIAN_POINT('',(-0.0254,-0.00762,-0.00632278248667715));
#2445=CARTESIAN_POINT('',(-0.0315164586949212,-0.00762,0.022891981440341));
#2446=CARTESIAN_POINT('',(-0.0315164586949212,-0.00762,0.021854795080025));
#2447=CARTESIAN_POINT('',(-0.0321440435945987,-0.00762,0.0370125845074653));
#2448=CARTESIAN_POINT('',(-0.0321440435945987,-0.00762,0.0353635764465881));
#2449=CARTESIAN_POINT('',(-0.0318903513252735,-0.00762,0.0294017810374498));
#2450=CARTESIAN_POINT('',(-0.0318903513252735,-0.00762,0.0255917810374498));
#2451=CARTESIAN_POINT('',(-0.0408964678645134,-0.00762,0.025469534099102));
#2452=CARTESIAN_POINT('',(-0.0408964678645134,-0.00762,0.021659534099102));
#2453=CARTESIAN_POINT('',(-0.0406427755951881,-0.00762,0.0335877239704132));
#2454=CARTESIAN_POINT('',(-0.0406427755951881,-0.00762,0.0297823213040829));
#2455=CARTESIAN_POINT('',(-0.0406427755951881,-0.008382,0.0335877239704132));
#2456=CARTESIAN_POINT('',(-0.0406427755951881,-0.008382,0.0335877239704132));
#2457=CARTESIAN_POINT('',(-0.0406427755951881,-0.008382,0.0297823213040829));
#2458=CARTESIAN_POINT('',(-0.036195,-0.008382,0.0298722175133228));
#2459=CARTESIAN_POINT('',(-0.0406427755951881,-0.008382,0.0335877239704132));
#2460=CARTESIAN_POINT('',(-0.0406427755951881,-0.008382,0.0304427930726713));
#2461=CARTESIAN_POINT('',(-0.0408964678645134,-0.008382,0.025469534099102));
#2462=CARTESIAN_POINT('',(-0.0408964678645134,-0.008382,0.025469534099102));
#2463=CARTESIAN_POINT('',(-0.0408964678645134,-0.008382,0.021659534099102));
#2464=CARTESIAN_POINT('',(-0.036195,-0.008382,0.0298722175133228));
#2465=CARTESIAN_POINT('',(-0.0408964678645134,-0.008382,0.025469534099102));
#2466=CARTESIAN_POINT('',(-0.0408964678645134,-0.008382,0.022319934099102));
#2467=CARTESIAN_POINT('',(-0.0318903513252735,-0.008382,0.0294017810374498));
#2468=CARTESIAN_POINT('',(-0.0318903513252735,-0.008382,0.0294017810374498));
#2469=CARTESIAN_POINT('',(-0.0318903513252735,-0.008382,0.0255917810374498));
#2470=CARTESIAN_POINT('',(-0.036195,-0.008382,0.0298722175133228));
#2471=CARTESIAN_POINT('',(-0.0318903513252735,-0.008382,0.0294017810374498));
#2472=CARTESIAN_POINT('',(-0.0318903513252735,-0.008382,0.0262521810374498));
#2473=CARTESIAN_POINT('',(-0.0321440435945987,-0.0076454,0.0370125845074653));
#2474=CARTESIAN_POINT('',(-0.0321440435945987,-0.0076454,0.0370125845074653));
#2475=CARTESIAN_POINT('',(-0.0321440435945987,-0.0076454,0.0353635764465881));
#2476=CARTESIAN_POINT('',(-0.036195,-0.0076454,0.0298722175133228));
#2477=CARTESIAN_POINT('',(-0.0408964678645134,-0.0084074,0.025469534099102));
#2478=CARTESIAN_POINT('',(-0.0408964678645134,-0.0084328,0.025469534099102));
#2479=CARTESIAN_POINT('',(-0.0408964678645134,-0.0084328,0.022319934099102));
#2480=CARTESIAN_POINT('',(-0.0406427755951881,-0.0084074,0.0335877239704132));
#2481=CARTESIAN_POINT('',(-0.0406427755951881,-0.0084074,0.0335877239704132));
#2482=CARTESIAN_POINT('',(-0.0406427755951881,-0.0084074,0.0304427930726713));
#2483=CARTESIAN_POINT('',(-0.0406427755951881,-0.0084074,0.0335877239704132));
#2484=CARTESIAN_POINT('',(-0.0318903513252735,-0.0084074,0.0294017810374498));
#2485=CARTESIAN_POINT('',(-0.0318903513252735,-0.0084074,0.0294017810374498));
#2486=CARTESIAN_POINT('',(-0.0318903513252735,-0.0084074,0.0262521810374498));
#2487=CARTESIAN_POINT('',(-0.0318903513252735,-0.0084074,0.0294017810374498));
#2488=CARTESIAN_POINT('',(-0.0408964678645134,-0.0084328,0.025469534099102));
#2489=CARTESIAN_POINT('',(0.000254,-0.00330265414633827,0.0296959013690366));
#2490=CARTESIAN_POINT('',(0.000254,-0.00364454031665104,0.0296959021474479));
#2491=CARTESIAN_POINT('',(0.000254,-0.00364454031665104,0.0296959021474479));
#2492=CARTESIAN_POINT('',(0.000254,-0.00330265414633827,0.0296959013690366));
#2493=CARTESIAN_POINT('',(0.000254,-0.00296076797602552,0.0296959005906252));
#2494=CARTESIAN_POINT('',(0.000254,-0.00296076797602552,0.0296959005906252));
#2495=CARTESIAN_POINT('',(0.000254,-0.00364454205158352,0.0289339021474498));
#2496=CARTESIAN_POINT('',(0.000254,-0.00440654205158353,0.0289339021474498));
#2497=CARTESIAN_POINT('',(0.000254,-0.00440654205158353,0.0289339021474498));
#2498=CARTESIAN_POINT('',(0.000254,-0.00364454205158352,0.0289339021474498));
#2499=CARTESIAN_POINT('',(0.000254,-0.00440654205158353,0.027455496014917));
#2500=CARTESIAN_POINT('',(0.000254,-0.00440654205158353,0.0259770898823843));
#2501=CARTESIAN_POINT('',(0.000254,-0.00440654205158353,0.0259770898823843));
#2502=CARTESIAN_POINT('',(0.000254,-0.00440654205158353,0.027455496014917));
#2503=CARTESIAN_POINT('',(0.000254,-0.00364454205158353,0.0259770898823843));
#2504=CARTESIAN_POINT('',(0.000254,-0.00364454205158353,0.0252150898823843));
#2505=CARTESIAN_POINT('',(0.000254,-0.00364454205158353,0.0252150898823843));
#2506=CARTESIAN_POINT('',(0.000254,-0.00364454205158353,0.0259770898823843));
#2507=CARTESIAN_POINT('',(0.000254,-0.00330265588127077,0.0252150898823843));
#2508=CARTESIAN_POINT('',(0.000254,-0.002960769710958,0.0252150898823843));
#2509=CARTESIAN_POINT('',(0.000254,-0.002960769710958,0.0252150898823843));
#2510=CARTESIAN_POINT('',(0.000254,-0.00330265588127077,0.0252150898823843));
#2511=CARTESIAN_POINT('',(0.000254,-0.00296076971095799,0.0259770898823843));
#2512=CARTESIAN_POINT('',(0.000254,-0.002198769710958,0.0259770898823843));
#2513=CARTESIAN_POINT('',(0.000254,-0.002198769710958,0.0259770898823843));
#2514=CARTESIAN_POINT('',(0.000254,-0.00296076971095799,0.0259770898823843));
#2515=CARTESIAN_POINT('',(0.000254,-0.002198769710958,0.0274554952365057));
#2516=CARTESIAN_POINT('',(0.000254,-0.002198769710958,0.0289339005906272));
#2517=CARTESIAN_POINT('',(0.000254,-0.002198769710958,0.0289339005906272));
#2518=CARTESIAN_POINT('',(0.000254,-0.002198769710958,0.0274554952365057));
#2519=CARTESIAN_POINT('',(0.000254,-0.002960769710958,0.0289339005906272));
#2520=CARTESIAN_POINT('',(0.000254,-0.002960769710958,0.0289339005906272));
#2521=CARTESIAN_POINT('',(0.000254,-0.003175,-0.00632278248667716));
#2522=CARTESIAN_POINT('',(0.000254,-0.00330265608798285,0.0207623956277039));
#2523=CARTESIAN_POINT('',(0.000254,-0.00364454205158353,0.0207623956277039));
#2524=CARTESIAN_POINT('',(0.000254,-0.00364454205158353,0.0207623956277039));
#2525=CARTESIAN_POINT('',(0.000254,-0.00330265608798285,0.0207623956277039));
#2526=CARTESIAN_POINT('',(0.000254,-0.00296077012438217,0.0207623956277039));
#2527=CARTESIAN_POINT('',(0.000254,-0.00296077012438217,0.0207623956277039));
#2528=CARTESIAN_POINT('',(0.000254,-0.00364454205158353,0.0200003956277039));
#2529=CARTESIAN_POINT('',(0.000254,-0.00440654205158353,0.0200003956277039));
#2530=CARTESIAN_POINT('',(0.000254,-0.00440654205158353,0.0200003956277039));
#2531=CARTESIAN_POINT('',(0.000254,-0.00364454205158353,0.0200003956277039));
#2532=CARTESIAN_POINT('',(0.000254,-0.00440654205158353,0.0167621970660057));
#2533=CARTESIAN_POINT('',(0.000254,-0.00440654205158353,0.0135239985043074));
#2534=CARTESIAN_POINT('',(0.000254,-0.00440654205158353,0.0135239985043074));
#2535=CARTESIAN_POINT('',(0.000254,-0.00440654205158353,0.0167621970660057));
#2536=CARTESIAN_POINT('',(0.000254,-0.00364454205158353,0.0135239985043074));
#2537=CARTESIAN_POINT('',(0.000254,-0.00364454205158353,0.0127619985043074));
#2538=CARTESIAN_POINT('',(0.000254,-0.00364454205158353,0.0127619985043074));
#2539=CARTESIAN_POINT('',(0.000254,-0.00364454205158353,0.0135239985043074));
#2540=CARTESIAN_POINT('',(0.000254,-0.00330265784487155,0.0127619985043074));
#2541=CARTESIAN_POINT('',(0.000254,-0.00296077363815957,0.0127619985043074));
#2542=CARTESIAN_POINT('',(0.000254,-0.00296077363815957,0.0127619985043074));
#2543=CARTESIAN_POINT('',(0.000254,-0.00330265784487155,0.0127619985043074));
#2544=CARTESIAN_POINT('',(0.000254,-0.00296077363815958,0.0135239985043074));
#2545=CARTESIAN_POINT('',(0.000254,-0.00219877363815969,0.0135239980908834));
#2546=CARTESIAN_POINT('',(0.000254,-0.00219877363815969,0.0135239980908834));
#2547=CARTESIAN_POINT('',(0.000254,-0.00296077363815958,0.0135239985043074));
#2548=CARTESIAN_POINT('',(0.000254,-0.00219877188127099,0.0167621966525816));
#2549=CARTESIAN_POINT('',(0.000254,-0.00219877012438228,0.0200003952142798));
#2550=CARTESIAN_POINT('',(0.000254,-0.00219877012438228,0.0200003952142798));
#2551=CARTESIAN_POINT('',(0.000254,-0.00219877188127099,0.0167621966525816));
#2552=CARTESIAN_POINT('',(0.000254,-0.00296077012438217,0.0200003956277039));
#2553=CARTESIAN_POINT('',(0.000254,-0.00296077012438217,0.0200003956277039));
#2554=CARTESIAN_POINT('',(0.000254,-0.003175,-0.00632278248667716));
#2555=CARTESIAN_POINT('',(0.000254,-0.00219877405158352,0.00636980480802059));
#2556=CARTESIAN_POINT('',(0.000254,-0.00219877405158352,0.0096083048080206));
#2557=CARTESIAN_POINT('',(0.000254,-0.00219877405158352,0.0096083048080206));
#2558=CARTESIAN_POINT('',(0.000254,-0.00219877405158352,0.00636980480802059));
#2559=CARTESIAN_POINT('',(0.000254,-0.00219877405158352,0.00313130480802059));
#2560=CARTESIAN_POINT('',(0.000254,-0.00219877405158352,0.00313130480802059));
#2561=CARTESIAN_POINT('',(0.000254,-0.00296077405158352,0.00960830480802059));
#2562=CARTESIAN_POINT('',(0.000254,-0.00296077405158352,0.0103703048080206));
#2563=CARTESIAN_POINT('',(0.000254,-0.00296077405158352,0.0103703048080206));
#2564=CARTESIAN_POINT('',(0.000254,-0.00296077405158352,0.00960830480802059));
#2565=CARTESIAN_POINT('',(0.000254,-0.00330265805158353,0.0103703048080206));
#2566=CARTESIAN_POINT('',(0.000254,-0.00364454205158353,0.0103703048080206));
#2567=CARTESIAN_POINT('',(0.000254,-0.00364454205158353,0.0103703048080206));
#2568=CARTESIAN_POINT('',(0.000254,-0.00330265805158353,0.0103703048080206));
#2569=CARTESIAN_POINT('',(0.000254,-0.00364454205158353,0.0096083048080206));
#2570=CARTESIAN_POINT('',(0.000254,-0.00440654205158353,0.0096083048080206));
#2571=CARTESIAN_POINT('',(0.000254,-0.00440654205158353,0.0096083048080206));
#2572=CARTESIAN_POINT('',(0.000254,-0.00364454205158353,0.0096083048080206));
#2573=CARTESIAN_POINT('',(0.000254,-0.00440654205158353,0.00636980480802059));
#2574=CARTESIAN_POINT('',(0.000254,-0.00440654205158353,0.00313130480802059));
#2575=CARTESIAN_POINT('',(0.000254,-0.00440654205158353,0.00313130480802059));
#2576=CARTESIAN_POINT('',(0.000254,-0.00440654205158353,0.00636980480802059));
#2577=CARTESIAN_POINT('',(0.000254,-0.00364454205158353,0.00313130480802059));
#2578=CARTESIAN_POINT('',(0.000254,-0.00364454205158353,0.00236930480802059));
#2579=CARTESIAN_POINT('',(0.000254,-0.00364454205158353,0.00236930480802059));
#2580=CARTESIAN_POINT('',(0.000254,-0.00364454205158353,0.00313130480802059));
#2581=CARTESIAN_POINT('',(0.000254,-0.00330265805158353,0.00236930480802059));
#2582=CARTESIAN_POINT('',(0.000254,-0.00296077405158352,0.00236930480802059));
#2583=CARTESIAN_POINT('',(0.000254,-0.00296077405158352,0.00236930480802059));
#2584=CARTESIAN_POINT('',(0.000254,-0.00330265805158353,0.00236930480802059));
#2585=CARTESIAN_POINT('',(0.000254,-0.00296077405158352,0.00313130480802059));
#2586=CARTESIAN_POINT('',(0.000254,-0.00296077405158352,0.00313130480802059));
#2587=CARTESIAN_POINT('',(0.000254,-0.003175,-0.00632278248667716));
#2588=CARTESIAN_POINT('',(-0.0254631787538528,-0.00450880732388932,-0.0317227824866772));
#2589=CARTESIAN_POINT('',(-0.0291372805182934,-0.00450880732388932,-0.0317227824866772));
#2590=CARTESIAN_POINT('',(-0.0291372805182934,-0.00450880732388932,-0.0317227824866772));
#2591=CARTESIAN_POINT('',(-0.0254631787538528,-0.00450880732388932,-0.0317227824866772));
#2592=CARTESIAN_POINT('',(-0.0217890769894123,-0.00450880732388932,-0.0317227824866772));
#2593=CARTESIAN_POINT('',(-0.0217890769894123,-0.00450880732388932,-0.0317227824866772));
#2594=CARTESIAN_POINT('',(-0.0291372805182934,-0.00374680732388934,-0.0317227824866772));
#2595=CARTESIAN_POINT('',(-0.0298992805182934,-0.00374680732388933,-0.0317227824866772));
#2596=CARTESIAN_POINT('',(-0.0298992805182934,-0.00374680732388933,-0.0317227824866772));
#2597=CARTESIAN_POINT('',(-0.0291372805182934,-0.00374680732388934,-0.0317227824866772));
#2598=CARTESIAN_POINT('',(-0.0298992805182934,-0.00328359822743455,-0.0317227824866772));
#2599=CARTESIAN_POINT('',(-0.0298992805182934,-0.00282038913097976,-0.0317227824866772));
#2600=CARTESIAN_POINT('',(-0.0298992805182934,-0.00282038913097976,-0.0317227824866772));
#2601=CARTESIAN_POINT('',(-0.0298992805182934,-0.00328359822743455,-0.0317227824866772));
#2602=CARTESIAN_POINT('',(-0.0291372805182934,-0.00282038913097976,-0.0317227824866772));
#2603=CARTESIAN_POINT('',(-0.0291372805182934,-0.00205838913097976,-0.0317227824866772));
#2604=CARTESIAN_POINT('',(-0.0291372805182934,-0.00205838913097976,-0.0317227824866772));
#2605=CARTESIAN_POINT('',(-0.0291372805182934,-0.00282038913097976,-0.0317227824866772));
#2606=CARTESIAN_POINT('',(-0.0254631787538528,-0.00205838913097977,-0.0317227824866772));
#2607=CARTESIAN_POINT('',(-0.0217890769894123,-0.00205838913097977,-0.0317227824866772));
#2608=CARTESIAN_POINT('',(-0.0217890769894123,-0.00205838913097977,-0.0317227824866772));
#2609=CARTESIAN_POINT('',(-0.0254631787538528,-0.00205838913097977,-0.0317227824866772));
#2610=CARTESIAN_POINT('',(-0.0217890769894123,-0.00282038913097976,-0.0317227824866772));
#2611=CARTESIAN_POINT('',(-0.0210270769894123,-0.00282038913097977,-0.0317227824866772));
#2612=CARTESIAN_POINT('',(-0.0210270769894123,-0.00282038913097977,-0.0317227824866772));
#2613=CARTESIAN_POINT('',(-0.0217890769894123,-0.00282038913097976,-0.0317227824866772));
#2614=CARTESIAN_POINT('',(-0.0210270769894123,-0.00328359822743455,-0.0317227824866772));
#2615=CARTESIAN_POINT('',(-0.0210270769894123,-0.00374680732388934,-0.0317227824866772));
#2616=CARTESIAN_POINT('',(-0.0210270769894123,-0.00374680732388934,-0.0317227824866772));
#2617=CARTESIAN_POINT('',(-0.0210270769894123,-0.00328359822743455,-0.0317227824866772));
#2618=CARTESIAN_POINT('',(-0.0217890769894123,-0.00374680732388933,-0.0317227824866772));
#2619=CARTESIAN_POINT('',(-0.0217890769894123,-0.00374680732388933,-0.0317227824866772));
#2620=CARTESIAN_POINT('',(-0.0254,-0.003175,-0.0317227824866772));
#2621=CARTESIAN_POINT('',(-0.0508254,-0.0044040071352457,0.011355785779605));
#2622=CARTESIAN_POINT('',(-0.0508254,-0.0044040071352457,0.0171765798830919));
#2623=CARTESIAN_POINT('',(-0.0510794,-0.0044040071352457,0.0171765798830919));
#2624=CARTESIAN_POINT('',(-0.0510794,-0.0044040071352457,0.011355785779605));
#2625=CARTESIAN_POINT('',(-0.0510794,-0.0044040071352457,0.00553499167611808));
#2626=CARTESIAN_POINT('',(-0.0508254,-0.0044040071352457,0.00553499167611808));
#2627=CARTESIAN_POINT('',(-0.0508254,-0.0036420071352457,0.0171765798830919));
#2628=CARTESIAN_POINT('',(-0.0508254,-0.0036420071352457,0.0179385798830919));
#2629=CARTESIAN_POINT('',(-0.0510794,-0.0036420071352457,0.0179385798830919));
#2630=CARTESIAN_POINT('',(-0.0510794,-0.0036420071352457,0.0171765798830919));
#2631=CARTESIAN_POINT('',(-0.0508254,-0.0033001231352457,0.0179385798830919));
#2632=CARTESIAN_POINT('',(-0.0508254,-0.00295823913524569,0.0179385798830919));
#2633=CARTESIAN_POINT('',(-0.0510794,-0.00295823913524569,0.0179385798830919));
#2634=CARTESIAN_POINT('',(-0.0510794,-0.0033001231352457,0.0179385798830919));
#2635=CARTESIAN_POINT('',(-0.0508254,-0.00295823913524569,0.0171765798830919));
#2636=CARTESIAN_POINT('',(-0.0508254,-0.00219623913524569,0.0171765798830919));
#2637=CARTESIAN_POINT('',(-0.0510794,-0.00219623913524569,0.0171765798830919));
#2638=CARTESIAN_POINT('',(-0.0510794,-0.00295823913524569,0.0171765798830919));
#2639=CARTESIAN_POINT('',(-0.0508254,-0.00219623913524569,0.011355785779605));
#2640=CARTESIAN_POINT('',(-0.0508254,-0.00219623913524569,0.00553499167611808));
#2641=CARTESIAN_POINT('',(-0.0510794,-0.00219623913524569,0.00553499167611808));
#2642=CARTESIAN_POINT('',(-0.0510794,-0.00219623913524569,0.011355785779605));
#2643=CARTESIAN_POINT('',(-0.0508254,-0.00295823913524569,0.00553499167611808));
#2644=CARTESIAN_POINT('',(-0.0508254,-0.00295823913524569,0.00477299167611808));
#2645=CARTESIAN_POINT('',(-0.0510794,-0.00295823913524569,0.00477299167611808));
#2646=CARTESIAN_POINT('',(-0.0510794,-0.00295823913524569,0.00553499167611808));
#2647=CARTESIAN_POINT('',(-0.0508254,-0.0033001231352457,0.00477299167611808));
#2648=CARTESIAN_POINT('',(-0.0508254,-0.0036420071352457,0.00477299167611808));
#2649=CARTESIAN_POINT('',(-0.0510794,-0.0036420071352457,0.00477299167611808));
#2650=CARTESIAN_POINT('',(-0.0510794,-0.0033001231352457,0.00477299167611808));
#2651=CARTESIAN_POINT('',(-0.0508254,-0.0036420071352457,0.00553499167611808));
#2652=CARTESIAN_POINT('',(-0.0510794,-0.0036420071352457,0.00553499167611808));
#2653=CARTESIAN_POINT('',(-0.0510794,-0.003175,-0.00632278248667715));
#2654=CARTESIAN_POINT('',(-0.0241703186829745,2.54E-7,0.0397500102778673));
#2655=CARTESIAN_POINT('',(-0.0174494786612258,2.54E-7,0.0397500102778673));
#2656=CARTESIAN_POINT('',(-0.0174494786612258,2.54E-7,0.0397500102778673));
#2657=CARTESIAN_POINT('',(-0.0241703186829745,2.54E-7,0.0397500102778673));
#2658=CARTESIAN_POINT('',(-0.0308911587047231,2.54E-7,0.0397500102778673));
#2659=CARTESIAN_POINT('',(-0.0308911587047231,2.54E-7,0.0397500102778673));
#2660=CARTESIAN_POINT('',(-0.0174494786612258,2.54E-7,0.0384800102778673));
#2661=CARTESIAN_POINT('',(-0.0161794786612258,2.54E-7,0.0384800102467978));
#2662=CARTESIAN_POINT('',(-0.0161794786612258,2.54E-7,0.0384800102467978));
#2663=CARTESIAN_POINT('',(-0.0174494786612258,2.54E-7,0.0384800102778673));
#2664=CARTESIAN_POINT('',(-0.0161794786674397,2.54E-7,0.0382260102467978));
#2665=CARTESIAN_POINT('',(-0.0161794786736537,2.54E-7,0.0379720102467978));
#2666=CARTESIAN_POINT('',(-0.0161794786736537,2.54E-7,0.0379720102467978));
#2667=CARTESIAN_POINT('',(-0.0161794786674397,2.54E-7,0.0382260102467978));
#2668=CARTESIAN_POINT('',(-0.0174494786736537,2.54E-7,0.0379720102778673));
#2669=CARTESIAN_POINT('',(-0.0174494786736537,2.54E-7,0.0367020102778673));
#2670=CARTESIAN_POINT('',(-0.0174494786736537,2.54E-7,0.0367020102778673));
#2671=CARTESIAN_POINT('',(-0.0174494786736537,2.54E-7,0.0379720102778673));
#2672=CARTESIAN_POINT('',(-0.0241703186891884,2.54E-7,0.0367020102778673));
#2673=CARTESIAN_POINT('',(-0.0308911587047231,2.54E-7,0.0367020102778674));
#2674=CARTESIAN_POINT('',(-0.0308911587047231,2.54E-7,0.0367020102778674));
#2675=CARTESIAN_POINT('',(-0.0241703186891884,2.54E-7,0.0367020102778673));
#2676=CARTESIAN_POINT('',(-0.0308911587047232,2.54E-7,0.0379720102778673));
#2677=CARTESIAN_POINT('',(-0.0321611587047232,2.54E-7,0.0379720102778674));
#2678=CARTESIAN_POINT('',(-0.0321611587047232,2.54E-7,0.0379720102778674));
#2679=CARTESIAN_POINT('',(-0.0308911587047232,2.54E-7,0.0379720102778673));
#2680=CARTESIAN_POINT('',(-0.0321611587047232,2.54E-7,0.0382260102778674));
#2681=CARTESIAN_POINT('',(-0.0321611587047232,2.54E-7,0.0384800102778673));
#2682=CARTESIAN_POINT('',(-0.0321611587047232,2.54E-7,0.0384800102778673));
#2683=CARTESIAN_POINT('',(-0.0321611587047232,2.54E-7,0.0382260102778674));
#2684=CARTESIAN_POINT('',(-0.0308911587047231,2.54E-7,0.0384800102778673));
#2685=CARTESIAN_POINT('',(-0.0308911587047231,2.54E-7,0.0384800102778673));
#2686=CARTESIAN_POINT('',(-0.0254,2.54E-7,-0.00632278248667715));
#2687=CARTESIAN_POINT('',(-0.0315164586949212,-0.0076454,0.022891981440341));
#2688=CARTESIAN_POINT('',(-0.0315164586949212,-0.0076454,0.022891981440341));
#2689=CARTESIAN_POINT('',(-0.0315164586949212,-0.0076454,0.021854795080025));
#2690=CARTESIAN_POINT('',(-0.036195,-0.0076454,0.0298722175133228));
#2691=MECHANICAL_DESIGN_GEOMETRIC_PRESENTATION_REPRESENTATION('',(#1532,
#1431,#1432,#1433,#1434,#1435,#1436,#1437,#1438,#1439,#1440,#1441),#2692);
#2692=(
GEOMETRIC_REPRESENTATION_CONTEXT(3)
GLOBAL_UNCERTAINTY_ASSIGNED_CONTEXT((#2693))
GLOBAL_UNIT_ASSIGNED_CONTEXT((#2696,#2695,#2694))
REPRESENTATION_CONTEXT('Part 1','TOP_LEVEL_ASSEMBLY_PART')
);
#2693=UNCERTAINTY_MEASURE_WITH_UNIT(LENGTH_MEASURE(1.E-8),#2696,
'DISTANCE_ACCURACY_VALUE','Maximum Tolerance applied to model');
#2694=(
NAMED_UNIT(*)
SI_UNIT($,.STERADIAN.)
SOLID_ANGLE_UNIT()
);
#2695=(
NAMED_UNIT(*)
PLANE_ANGLE_UNIT()
SI_UNIT($,.RADIAN.)
);
#2696=(
LENGTH_UNIT()
NAMED_UNIT(*)
SI_UNIT($,.METRE.)
);
#2697=PRODUCT_DEFINITION_SHAPE('','',#2698);
#2698=PRODUCT_DEFINITION('','',#2700,#2699);
#2699=PRODUCT_DEFINITION_CONTEXT('',#2706,'design');
#2700=PRODUCT_DEFINITION_FORMATION_WITH_SPECIFIED_SOURCE('','',#2702,
 .NOT_KNOWN.);
#2701=PRODUCT_RELATED_PRODUCT_CATEGORY('','',(#2702));
#2702=PRODUCT('Part 1','Part 1','Part 1',(#2704));
#2703=PRODUCT_CATEGORY('','');
#2704=PRODUCT_CONTEXT('',#2706,'mechanical');
#2705=APPLICATION_PROTOCOL_DEFINITION('international standard',
'ap242_managed_model_based_3d_engineering',2020,#2706);
#2706=APPLICATION_CONTEXT('managed model based 3d engineering');
ENDSEC;
END-ISO-10303-21;
